Respondent ID,"By completing this survey, you are consenting to us storing and using your data to help us improve our services to you",Please select your gender,Kindly select your age bracket,Please select your department from the list below,How would you rate the state of your mental well-being?,How would you rate the current state of your mental well-being?,"If you need support in Q6 above, please state what support you would need?",Please reflect on the mental Wellness related issues listed below and tick the areas you would like us to address on our regular sessions? (Select more than one if applicable),Mental Wellness Issues Would Like Addressed - Emotional intelligence,Mental Wellness Issues Would Like Addressed - Financial constraints,Mental Wellness Issues Would Like Addressed - Trauma,Mental Wellness Issues Would Like Addressed - Substance and Drug Dependence,Mental Wellness Issues Would Like Addressed - Relationship Difficulties,Mental Wellness Issues Would Like Addressed - Unresolved Childhood Difficulties,Mental Wellness Issues Would Like Addressed - Anxiety and Depression,Mental Wellness Issues Would Like Addressed - Other (please specify),Are you going through a tough emotional situation right now?,"During the past 4 weeks, have you had any problems with your work or daily life due to any emotional problems, such as feeling depressed, sad, or anxious?","During the past 4 weeks, how often has your mental health affected your ability to get work done?","During the past two weeks, how often has your mental health affected your relationships?",Have you ever been diagnosed with a mental disorder before?,Have you seen a therapist in the recent past?,Is there a history of mental disorder in your family?,Do you feel content with your relationships and family?,When was the last time you were really happy?,When was the last time you felt good about yourself?,How often do you feel positive about your life?,When was the last time you had a positive outlook on life?,How many hours do you sleep per day?,How is your quality of sleep?,How often do you smoke?,How often do you drink?,How do you usually cope with the general stresses of life and the mental health challenges that come your way?,Coping Mechanisms - Other (please specify),"What about the amount of social support you receive from your family, friends, etc? When you have the need to talk to someone or go on outings with friends and/or relatives, do you feel there is someone who fulfills these needs?",Have you ever attended a Mental Health Awareness Session?,How would you prefer to receive information and advice about mental health?,Preferred Method of Receiving Mental Health Information - Other (please specify),Are you aware of the Employee Assistance Program services offered by Kenya Airways to all its staff and dependents through Minet?,"EAP Awareness & Usage - If yes to Question 29, have you ever accessed the service?","EAP Awareness & Usage - If no, please state the reason.",Would you like us to link you or your dependents to our professional counselors for support?
114769783312.0,I Agree,Female,25-39 years,Flight Operations,Very Good,I am OK and coping well,,Work/job related stressors,Emotional intelligence,Financial constraints,,,,,,,No,No,Not so often,Not so often,No,No,No,Yes,Few days ago,Few days ago,About half the time,Few days ago,4 - 6,Good,Never,Never,I engage relatives and friends,,"High degree of social support (Much support is either given or is available, if needed, from family and friends).",Yes,One on One session,,Yes,No,Not enough awareness ,Yes
114764132609.0,I Agree,Female,25-39 years,Technical,Good,I need support,Counselling,,,,,,,,Anxiety and Depression,,Yes,Yes,Not at all,Very often,No,Yes,No,Yes,I don't remember,Few months ago,Most of the time,I don't remember,4 - 6,Not Sure,Never,Never,I engage relatives and friends,,"High degree of social support (Much support is either given or is available, if needed, from family and friends).",Yes,Online,,No,,,No
114763447519.0,I Agree,Female,25-39 years,Flight Operations,Good,I’m just there,Therapy,,,,Trauma,,Relationship Difficulties,Unresolved Childhood Difficulties,Anxiety and Depression,,Yes,Yes,Not so often,Not so often,No,No,No,No,Few days ago,Few days ago,Once in a while,Few days ago,4 - 6,Good,Never,Never,I keep my issues to myself,,Average degree of social support from family and friends is given or potentially available.,No,One on One session,,Yes,No,I didn't feel the importance but now i do,Yes
114762181862.0,I Agree,Female,40-49 years,Flight Operations,Good,I am OK and coping well,,Work/job related stressors,,Financial constraints,,,Relationship Difficulties,,Anxiety and Depression,,Not Sure,Yes,Not so often,Somewhat often,No,Yes,No,Yes,Few days ago,Few days ago,Most of the time,Few days ago,7 - 9,Good,Never,Once in a few weeks,I seek help from a processional counselor,I also talk to my Mum about my issues,Average degree of social support from family and friends is given or potentially available.,Yes,Online,,Yes,Yes,,No
114759801234.0,I Agree,Male,25-39 years,Technical,Excellent,I am OK and coping well,,Work/job related stressors,,,,,,,,,No,No,Very often,Very often,Yes,Yes,Yes,Yes,Few weeks ago,Few weeks ago,Once in a while,Few weeks ago,4 - 6,Bad,Once everyday,Once everyday,,,,,,,,,,
114759685865.0,I Agree,Female,25-39 years,Ground Operations,,,,,,,,,,,,,,,,,,,,,,,,,,,,,,,,,,,,,,
114758170625.0,I Agree,Female,40-49 years,Flight Operations,Fair,I’m just there,Work life balance ,Work/job related stressors,,,Trauma,,Relationship Difficulties,,Anxiety and Depression,,Not Sure,Yes,Not so often,Somewhat often,No,No,No,Not Sure,Few years ago,Few weeks ago,Most of the time,Few days ago,4 - 6,Bad,Never,Once in a few weeks,I keep my issues to myself,,Average degree of social support from family and friends is given or potentially available.,No,Online,,Yes,Yes,,No
114755683244.0,I Agree,Female,40-49 years,Flight Operations,Good,I’m just there,,Work/job related stressors,Emotional intelligence,,,,,,,,No,No,Not so often,Not so often,No,No,No,Yes,Few days ago,Few days ago,Most of the time,Few days ago,4 - 6,Very Bad,Never,Never,I engage relatives and friends,,Average degree of social support from family and friends is given or potentially available.,No,Online,,Yes,,,
114755378076.0,I Agree,Male,40-49 years,Ground Operations,Very Good,I am OK and coping well,,Work/job related stressors,,Financial constraints,,,Relationship Difficulties,,,,No,No,Not at all,Not so often,No,No,No,Yes,Few days ago,Few days ago,Most of the time,I don't remember,7 - 9,OK,Never,Never,,,,,,,,,,
114754901880.0,I Agree,Male,18-24 years,Commercial,Good,I’m just there,,Work/job related stressors,,Financial constraints,,Substance and Drug Dependence,Relationship Difficulties,,Anxiety and Depression,,Not Sure,Yes,Not so often,Somewhat often,No,No,No,Yes,I don't remember,Few days ago,Most of the time,Few weeks ago,4 - 6,OK,Never,Never,I engage relatives and friends,,"High degree of social support (Much support is either given or is available, if needed, from family and friends).",No,Online,,No,,,No
114754880247.0,I Agree,Female,18-24 years,Commercial,Fair,I’m just there,,Work/job related stressors,,Financial constraints,,,,,Anxiety and Depression,,Yes,Yes,Not so often,Somewhat often,Not Sure,No,No,Not Sure,I don't remember,Few months ago,Once in a while,Few years ago,7 - 9,Not Sure,Never,Never,I engage relatives and friends,,"High degree of social support (Much support is either given or is available, if needed, from family and friends).",No,Online,,No,,,No
114754686005.0,I Agree,Male,25-39 years,Ground Operations,,,,,,,,,,,,,,,,,,,,,,,,,,,,,,,,,,,,,,
114754297393.0,I Agree,Female,25-39 years,Human Resources,Very Good,I am OK and coping well,,Work/job related stressors,Emotional intelligence,Financial constraints,,,Relationship Difficulties,Unresolved Childhood Difficulties,,,No,No,Not at all,Not at all,No,Yes,No,No,Few days ago,Few days ago,Most of the time,Few days ago,7 - 9,Very Good,Never,Once in a few weeks,I seek help from a processional counselor,,"High degree of social support (Much support is either given or is available, if needed, from family and friends).",Yes,Pamphlets and nuggets,,Yes,No,No particular reason,No
114754252112.0,I Agree,Male,25-39 years,Commercial,Good,I am OK and coping well,,,Emotional intelligence,,,Substance and Drug Dependence,,,Anxiety and Depression,,Not Sure,Yes,Not at all,Not so often,No,No,No,Yes,Few months ago,Few months ago,Once in a while,Few months ago,4 - 6,Good,Never,Once in a few weeks,I keep my issues to myself,,Average degree of social support from family and friends is given or potentially available.,Yes,Online,,Yes,No,Ihavent teken the initiative to,No
114754244846.0,I Agree,Female,25-39 years,Commercial,,,,,,,,,,,,,,,,,,,,,,,,,,,,,,,,,,,,,,
114754239962.0,I Agree,Male,25-39 years,Managing Director's Office,Excellent,I am OK and coping well,,Work/job related stressors,Emotional intelligence,,,,Relationship Difficulties,,,No,No,No,Not at all,Not at all,No,No,No,Yes,I don't remember,Few days ago,Always,Few days ago,7 - 9,Good,Never,Never,I engage relatives and friends,No,"High degree of social support (Much support is either given or is available, if needed, from family and friends).",Yes,Online,No,Yes,No,I have never had a challenge ,Yes
114754032700.0,I Agree,Male,25-39 years,Cargo,Fair,I’m just there,,Work/job related stressors,,Financial constraints,,,,,Anxiety and Depression,,Yes,Yes,Not at all,Not so often,No,No,No,Not Sure,I don't remember,Few days ago,Once in a while,Few months ago,4 - 6,OK,Once in a few weeks,Never,I keep my issues to myself,,No support or potential support is available from either family or friends,Yes,Online,,Yes,No,,Yes
114754000383.0,I Agree,Male,25-39 years,Ground Operations,Good,I am OK and coping well,need no support,Work/job related stressors,,Financial constraints,,,,,,,No,Yes,Not so often,Not so often,No,No,No,Yes,Few days ago,Few months ago,Most of the time,Few days ago,7 - 9,Good,Never,Never,I keep my issues to myself,,Average degree of social support from family and friends is given or potentially available.,Yes,Online,,Yes,Yes,,Yes
114753967533.0,I Agree,Male,40-49 years,Technical,Fair,I am OK and coping well,,,,,,,,,Anxiety and Depression,,Not Sure,Yes,Not so often,Not at all,No,Yes,No,No,Few days ago,Few weeks ago,Once in a while,Few months ago,7 - 9,Good,Never,Once in a few weeks,I engage relatives and friends,I keep praying to God,Average degree of social support from family and friends is given or potentially available.,No,Online,,Yes,No,Most of the sessions take place while busy with other duties,No
114753939320.0,I Agree,Female,50+ years,Commercial,Very Good,I am OK and coping well,not applicable,,Emotional intelligence,,,,,Unresolved Childhood Difficulties,,,No,No,Not at all,Not at all,No,No,No,Yes,Few days ago,Few days ago,Most of the time,Few days ago,4 - 6,OK,Never,Never,I keep my issues to myself,,Above average degree of social support (Given or potentially available from family and friends).,Yes,Group session,,Yes,No,not applicable,No
114753933388.0,I Agree,Female,25-39 years,Flight Operations,,,,,,,,,,,,,,,,,,,,,,,,,,,,,,,,,,,,,,
114753471937.0,I Agree,Female,25-39 years,Flight Operations,Good,I am OK and coping well,,Work/job related stressors,Emotional intelligence,,,Substance and Drug Dependence,,,Anxiety and Depression,,No,No,Not so often,Not so often,No,No,No,Yes,Few days ago,Few days ago,Most of the time,Few days ago,7 - 9,Good,Never,Once in a few weeks,I engage relatives and friends,,"High degree of social support (Much support is either given or is available, if needed, from family and friends).",Yes,Pamphlets and nuggets,,Yes,No,Haven't had reason to ,No
114753391260.0,I Agree,Male,25-39 years,Ground Operations,Good,I’m just there,Therapy,,,Financial constraints,Trauma,,,,Anxiety and Depression,,Not Sure,Yes,Not so often,Somewhat often,Not Sure,No,No,Not Sure,I don't remember,Few weeks ago,Once in a while,Few weeks ago,4 - 6,OK,Once in a few weeks,Once in a few weeks,I keep my issues to myself,,Average degree of social support from family and friends is given or potentially available.,No,One on One session,,No,,,Yes
114753285275.0,I Agree,Male,40-49 years,Commercial,Very Good,I am OK and coping well,,Work/job related stressors,Emotional intelligence,,,,Relationship Difficulties,,,,Not Sure,Yes,Not at all,Not so often,No,No,No,Yes,Few days ago,Few days ago,Most of the time,Few days ago,4 - 6,Good,Never,Once in a few weeks,I keep my issues to myself,,"Below average degree of social support (While some support is available, it's not consistently available).",Yes,One on One session,,Yes,No,i work in outstation,Yes
114753247879.0,I Agree,Male,25-39 years,Information Technology,Poor,I’m just there,"I work monday to friday but due to being alone at the station I cannot have personal time during weekends.There is no difference,it is just like working from home",Work/job related stressors,,,,,Relationship Difficulties,,Anxiety and Depression,,Yes,Yes,Somewhat often,Somewhat often,No,No,No,No,I don't remember,Few years ago,Once in a while,Few weeks ago,7 - 9,OK,Never,Never,I keep my issues to myself,,"Below average degree of social support (While some support is available, it's not consistently available).",Yes,Pamphlets and nuggets,,Yes,No,Lack of awareness,Yes
114753235707.0,I Agree,Female,40-49 years,Flight Operations,Good,I am OK and coping well,,Work/job related stressors,,Financial constraints,,Substance and Drug Dependence,,,Anxiety and Depression,,No,No,Not so often,Not so often,No,No,No,Yes,Few days ago,Few days ago,Always,Few days ago,7 - 9,Very Good,Never,Never,I engage relatives and friends,,Average degree of social support from family and friends is given or potentially available.,Yes,Group session,,Yes,Yes,,No
114753218456.0,I Agree,Male,25-39 years,Finance,Very Good,I am OK and coping well,,Work/job related stressors,Emotional intelligence,Financial constraints,Trauma,Substance and Drug Dependence,Relationship Difficulties,Unresolved Childhood Difficulties,Anxiety and Depression,,No,No,Not at all,Not at all,No,No,No,Yes,Few days ago,Few days ago,Once in a while,Few days ago,4 - 6,Bad,Never,Once in a few weeks,I keep my issues to myself,I find an objective to achieve,No support or potential support is available from either family or friends,Yes,One on One session,,Yes,No,I don't have the reasons to seek those services,Yes
114753211131.0,I Agree,Female,40-49 years,Flight Operations,Fair,I’m just there,"Currently lost a relative, ",Work/job related stressors,,Financial constraints,,,,,Anxiety and Depression,,Yes,No,Somewhat often,Very often,No,No,No,Yes,Few years ago,Few years ago,About half the time,Few weeks ago,4 - 6,OK,Never,Once in a few weeks,I keep my issues to myself,,Average degree of social support from family and friends is given or potentially available.,No,Online,,Yes,No,I haven't felt that I needed external help for my anxiety ,Yes
114753155853.0,I Agree,Female,40-49 years,Managing Director's Office,Excellent,I am OK and coping well,none,Work/job related stressors,,,,,,,,,No,No,Not at all,Not at all,No,No,No,Yes,Few days ago,Few days ago,Most of the time,Few days ago,7 - 9,Good,Never,Never,I engage relatives and friends,,"High degree of social support (Much support is either given or is available, if needed, from family and friends).",No,One on One session,,Yes,No,Have not experienced a situation that calls for professional assistance,No
114753154378.0,I Agree,Male,18-24 years,Flight Operations,Excellent,I am OK and coping well,,Work/job related stressors,Emotional intelligence,,,,,,Anxiety and Depression,,No,No,Not at all,Not at all,No,No,No,Yes,Few days ago,Few days ago,Most of the time,Few days ago,7 - 9,Good,Never,Never,I engage relatives and friends,,Above average degree of social support (Given or potentially available from family and friends).,No,Online,,No,,,No
114753121058.0,I Agree,Female,40-49 years,Human Resources,Fair,I’m just there,i will do it by myself,Work/job related stressors,Emotional intelligence,Financial constraints,,,Relationship Difficulties,,Anxiety and Depression,,Yes,Yes,Somewhat often,Very often,No,Yes,No,Yes,Few months ago,Few years ago,Once in a while,Few years ago,4 - 6,Not Sure,Never,Never,I engage relatives and friends,,"High degree of social support (Much support is either given or is available, if needed, from family and friends).",Yes,Group session,,Yes,Yes,,No
114753115828.0,I Agree,Male,40-49 years,Ground Operations,Very Good,I am OK and coping well,,Work/job related stressors,,Financial constraints,,,,,Anxiety and Depression,,No,No,Not at all,Not at all,No,No,No,Yes,Few days ago,Few days ago,About half the time,Few months ago,7 - 9,Very Good,Never,Once in a few weeks,I engage relatives and friends,,Above average degree of social support (Given or potentially available from family and friends).,Yes,Online,,Yes,No,NEVER HAD A NEED TO ACCESS THE SERVICE,No
114753115096.0,I Agree,Male,25-39 years,Ground Operations,Excellent,I am OK and coping well,,Work/job related stressors,,,Trauma,Substance and Drug Dependence,,,Anxiety and Depression,,No,No,Not at all,Not at all,No,No,No,Yes,I don't remember,Few days ago,Always,Few days ago,7 - 9,Good,Never,Never,I engage relatives and friends,I work out,Average degree of social support from family and friends is given or potentially available.,No,Online,,No,,,No
114753111828.0,I Agree,Female,18-24 years,Commercial,Fair,I’m just there,,Work/job related stressors,,,,,,,,,No,No,Not so often,Not so often,No,No,No,Yes,I don't remember,I don't remember,Once in a while,I don't remember,4 - 6,Very Good,Never,Never,I keep my issues to myself,,"High degree of social support (Much support is either given or is available, if needed, from family and friends).",No,Online,,No,,,No
114753112437.0,I Agree,Male,25-39 years,Ground Operations,,,,,,,,,,,,,,,,,,,,,,,,,,,,,,,,,,,,,,
114753076332.0,I Agree,Female,18-24 years,Commercial,,,,,,,,,,,,,,,,,,,,,,,,,,,,,,,,,,,,,,
114752903655.0,I Agree,Female,18-24 years,Flight Operations,Good,I’m just there,,,,,Trauma,,,,,,No,No,Not at all,Not at all,No,Yes,No,Not Sure,I don't remember,I don't remember,Once in a while,I don't remember,4 - 6,OK,Never,Never,I engage relatives and friends,,Above average degree of social support (Given or potentially available from family and friends).,No,One on One session,,Yes,No,,Yes
114752863385.0,I Agree,Female,40-49 years,Managing Director's Office,Good,I am OK and coping well,,Work/job related stressors,Emotional intelligence,Financial constraints,,,Relationship Difficulties,Unresolved Childhood Difficulties,,,No,No,Very often,Not at all,No,No,No,No,I don't remember,Few days ago,Always,Few months ago,7 - 9,Good,Never,Never,,,,,,,,,,
114752852950.0,I Agree,Female,40-49 years,Ground Operations,Very Good,I am OK and coping well,,Work/job related stressors,,Financial constraints,,,,,,,No,No,Not at all,Not at all,No,No,No,Yes,Few weeks ago,Few weeks ago,Most of the time,Few weeks ago,7 - 9,OK,Never,Never,I seek help from my religious leader,,Average degree of social support from family and friends is given or potentially available.,No,Online,,No,,,No
114752848393.0,I Agree,Male,50+ years,Ground Operations,Fair,I’m just there,No,,Emotional intelligence,Financial constraints,Trauma,,,,Anxiety and Depression,,No,Yes,Not so often,Not so often,No,No,No,Not Sure,Few days ago,Few days ago,About half the time,Few weeks ago,4 - 6,OK,Never,Never,I engage relatives and friends,No,Average degree of social support from family and friends is given or potentially available.,Yes,Group session,,Yes,Yes,,No
114752833553.0,I Agree,Female,25-39 years,Flight Operations,Fair,I’m just there,,,Emotional intelligence,,,,,,,,Yes,No,Somewhat often,Not so often,No,No,Yes,Yes,Few days ago,Few weeks ago,About half the time,Few weeks ago,7 - 9,Good,Never,Never,I keep my issues to myself,,"High degree of social support (Much support is either given or is available, if needed, from family and friends).",Yes,Online,,Yes,,,
114752803769.0,I Agree,Male,18-24 years,Ground Operations,Good,I am OK and coping well,,,,,,,,,Anxiety and Depression,,No,Yes,Not so often,Somewhat often,No,No,No,Yes,Few days ago,Few days ago,About half the time,Few days ago,7 - 9,Very Good,Never,Once in a few weeks,I engage relatives and friends,,"High degree of social support (Much support is either given or is available, if needed, from family and friends).",No,One on One session,,Yes,No,My friends and family have helped me through every stressful moment in my life ,No
114752790645.0,I Agree,Male,25-39 years,Ground Operations,,,,,,,,,,,,,,,,,,,,,,,,,,,,,,,,,,,,,,
114752753353.0,I Agree,Female,40-49 years,Flight Operations,Good,I’m just there,Home/work and finances,Work/job related stressors,,Financial constraints,,,Relationship Difficulties,,,,No,Yes,Somewhat often,Somewhat often,No,No,No,No,I don't remember,I don't remember,About half the time,I don't remember,4 - 6,Bad,Never,Never,I keep my issues to myself,,"Below average degree of social support (While some support is available, it's not consistently available).",No,Pamphlets and nuggets,,Yes,No,Time constraints and work/life balance and pressures will not allow.,Yes
114751431167.0,I Agree,Female,40-49 years,Flight Operations,Good,I am not OK,,Work/job related stressors,Emotional intelligence,Financial constraints,Trauma,Substance and Drug Dependence,Relationship Difficulties,Unresolved Childhood Difficulties,Anxiety and Depression,,No,No,Not so often,Not at all,No,No,No,Yes,Few days ago,Few days ago,Most of the time,Few weeks ago,7 - 9,Very Good,Never,Never,I seek help from my religious leader,,Above average degree of social support (Given or potentially available from family and friends).,No,Online,,Yes,Yes,,No
114752712476.0,I Agree,Male,25-39 years,Ground Operations,Excellent,I am OK and coping well,Doing great 👍🏽,Work/job related stressors,Emotional intelligence,,,,,,Anxiety and Depression,Toxic Supervisors or Line Managers,No,No,Not at all,Not at all,No,No,No,Yes,Few weeks ago,Few days ago,Most of the time,Few days ago,7 - 9,Very Good,Never,Never,I seek help from a processional counselor,"Engage my parents, siblings, fiancée, my small circle of friends and in some instances, my religious mentor ",Above average degree of social support (Given or potentially available from family and friends).,Yes,Online,,Yes,No,"Shift pattern demands, time constraints as well as demands of every day life balancing work & play can be challenging to engage in consistent sessions. Also, some outstations need to amplify these sessions consistently & productively.",No
114752703739.0,I Agree,Male,25-39 years,Flight Operations,,,,,,,,,,,,,,,,,,,,,,,,,,,,,,,,,,,,,,
114752699125.0,I Agree,Male,25-39 years,Flight Operations,Very Good,I am OK and coping well,,,,,,,Relationship Difficulties,Unresolved Childhood Difficulties,,Behavioral addictions ,No,No,Not so often,Not so often,No,No,Yes,No,Few days ago,Few days ago,Most of the time,Few days ago,7 - 9,Good,Never,Never,I keep my issues to myself,Meditation ,Average degree of social support from family and friends is given or potentially available.,No,One on One session,,Yes,Yes,,No
114752686948.0,I Agree,Female,25-39 years,Ground Operations,Good,I am OK and coping well,,Work/job related stressors,,,,,,,,,No,Not Sure,Not at all,Not at all,No,No,No,No,Few days ago,Few days ago,Always,Few days ago,4 - 6,OK,Never,Never,I engage relatives and friends,,"High degree of social support (Much support is either given or is available, if needed, from family and friends).",No,Online,,No,,,No
114752665235.0,I Agree,Male,40-49 years,Managing Director's Office,Excellent,I am OK and coping well,,Work/job related stressors,Emotional intelligence,Financial constraints,Trauma,Substance and Drug Dependence,,,Anxiety and Depression,,No,No,Not at all,Not at all,No,No,No,Yes,Few days ago,Few days ago,Always,Few days ago,7 - 9,Good,Never,Never,I engage relatives and friends,,"High degree of social support (Much support is either given or is available, if needed, from family and friends).",No,Group session,,Yes,No,I had no issues warranting the services,No
114752607194.0,I Agree,Female,25-39 years,Commercial,Good,I am OK and coping well,,Work/job related stressors,,Financial constraints,Trauma,,,,,,Yes,Yes,Somewhat often,Not so often,No,No,No,Yes,Few months ago,Few days ago,Always,Few days ago,7 - 9,Very Good,Never,Once in a few weeks,I keep my issues to myself,,Average degree of social support from family and friends is given or potentially available.,No,One on One session,,No,,,Yes
114752287180.0,I Agree,Female,25-39 years,Ground Operations,Fair,I’m just there,Someone to talk to first perhaps a therapist,Work/job related stressors,Emotional intelligence,Financial constraints,,,,,Anxiety and Depression,,No,Yes,Somewhat often,Not so often,No,No,Yes,Yes,Few days ago,I don't remember,Most of the time,Few days ago,7 - 9,Bad,Never,Once in a few weeks,I keep my issues to myself,,Average degree of social support from family and friends is given or potentially available.,No,Group session,,No,,,Yes
114752594634.0,I Agree,Male,25-39 years,Flight Operations,Fair,I’m just there,,Work/job related stressors,Emotional intelligence,Financial constraints,,,,Unresolved Childhood Difficulties,,,No,Not Sure,Not so often,Not so often,No,No,No,No,Few months ago,Few months ago,Once in a while,Few months ago,4 - 6,OK,Never,Never,,,,,,,,,,
114752572223.0,I Agree,Female,50+ years,Commercial,Fair,I am OK and coping well,,Work/job related stressors,Emotional intelligence,Financial constraints,,,,,,,No,Yes,Not so often,Not so often,No,No,No,Yes,Few days ago,Few days ago,Most of the time,Few days ago,4 - 6,OK,Never,Never,I seek help from my religious leader,I pray most of the time during the night,Average degree of social support from family and friends is given or potentially available.,Yes,Group session,,Yes,No,,No
114752575945.0,I Agree,Male,50+ years,Cargo,Good,I am OK and coping well,,Work/job related stressors,,,,,,,,,No,No,Not at all,Not at all,No,No,No,Yes,Few days ago,Few days ago,Always,Few days ago,7 - 9,OK,Never,Never,I engage relatives and friends,,"High degree of social support (Much support is either given or is available, if needed, from family and friends).",Yes,Online,,Yes,Yes,,No
114752563379.0,I Agree,Male,25-39 years,Commercial,Very Good,I am OK and coping well,Mental Health awareness class,Work/job related stressors,,,,,Relationship Difficulties,,,,No,Not Sure,Not at all,Not so often,No,No,No,Yes,Few days ago,Few days ago,Always,Few days ago,4 - 6,Good,Never,Once in a few weeks,I keep my issues to myself,,Above average degree of social support (Given or potentially available from family and friends).,Yes,Online,,Yes,No,I have it under control.,No
114752310620.0,I Agree,Male,25-39 years,Commercial,Excellent,I am OK and coping well,,Work/job related stressors,,,,,,,,,No,No,Not so often,Not at all,No,No,No,Yes,Few days ago,Few days ago,Always,Few days ago,4 - 6,Good,Never,Never,I engage relatives and friends,,"High degree of social support (Much support is either given or is available, if needed, from family and friends).",Yes,One on One session,,No,,,No
114752552229.0,I Agree,Male,50+ years,Technical,Very Good,I am OK and coping well,,Work/job related stressors,,,,,,,,health wellbeing,No,Not Sure,Not at all,Not at all,No,No,No,Yes,Few days ago,Few days ago,Always,Few days ago,4 - 6,Good,Never,Once in a few weeks,I engage relatives and friends,talk to my wife,"High degree of social support (Much support is either given or is available, if needed, from family and friends).",No,Online,not sure,Yes,No,i dont need it,No
114752546485.0,I Agree,Female,40-49 years,Ground Operations,,,,,,,,,,,,,,,,,,,,,,,,,,,,,,,,,,,,,,
114752532186.0,I Agree,Female,40-49 years,Flight Operations,Good,I am OK and coping well,,Work/job related stressors,Emotional intelligence,,Trauma,,Relationship Difficulties,,,,Not Sure,No,Not at all,Not at all,No,No,No,Yes,Few days ago,Few days ago,Most of the time,Few days ago,7 - 9,Good,Never,Never,I engage relatives and friends,I work out and engage my husband and or best friend ,Above average degree of social support (Given or potentially available from family and friends).,Yes,One on One session,,Yes,Yes,,Yes
114752528162.0,I Agree,Female,25-39 years,Ground Operations,Good,I am OK and coping well,,,,,,,,,Anxiety and Depression,,Not Sure,No,Not at all,Not at all,No,No,Yes,Yes,Few days ago,Few days ago,Most of the time,I don't remember,4 - 6,Bad,Never,Never,I keep my issues to myself,,"High degree of social support (Much support is either given or is available, if needed, from family and friends).",No,Online,,No,,,No
114752520554.0,I Agree,Female,25-39 years,Commercial,Excellent,I am OK and coping well,,Work/job related stressors,,,,,,,,,No,No,Not at all,Not at all,No,No,No,Yes,Few weeks ago,Few days ago,Always,Few months ago,7 - 9,Good,Never,Never,I engage relatives and friends,,Average degree of social support from family and friends is given or potentially available.,Yes,One on One session,,Yes,Yes,,No
114752521435.0,I Agree,Female,25-39 years,Flight Operations,Good,I am OK and coping well,-,Work/job related stressors,,Financial constraints,,Substance and Drug Dependence,Relationship Difficulties,,Anxiety and Depression,,Not Sure,Not Sure,Not at all,Not at all,No,No,No,Not Sure,Few days ago,Few days ago,Most of the time,Few days ago,4 - 6,OK,Never,Once in a few weeks,I seek for available options online,,"Below average degree of social support (While some support is available, it's not consistently available).",No,Online,,Yes,No,It looks like a very tideous process. Also with the job I do finding time between normal office hours can be a challenge ,Yes
114752520533.0,I Agree,Male,40-49 years,Ground Operations,Very Good,I am OK and coping well,,Work/job related stressors,Emotional intelligence,Financial constraints,,,Relationship Difficulties,,,,No,Yes,Not so often,Not so often,No,No,No,Yes,Few days ago,Few days ago,Most of the time,Few days ago,4 - 6,Good,Never,Once in a few weeks,I engage relatives and friends,,Above average degree of social support (Given or potentially available from family and friends).,No,Online,,Yes,No,had never had the need,No
114752506704.0,I Agree,Male,25-39 years,Commercial,Fair,I’m just there,,Work/job related stressors,,Financial constraints,Trauma,,,Unresolved Childhood Difficulties,Anxiety and Depression,,Not Sure,Yes,Not so often,Not so often,No,Yes,No,Not Sure,Few days ago,Few days ago,Once in a while,Few days ago,4 - 6,OK,Never,Once in a few weeks,I seek help from a processional counselor,,"High degree of social support (Much support is either given or is available, if needed, from family and friends).",Yes,One on One session,,Yes,Yes,,No
114752499027.0,I Agree,Female,25-39 years,Ground Operations,Good,I am OK and coping well,N/a,Work/job related stressors,,,,,,,,,No,No,Not at all,Not at all,No,No,No,No,Few days ago,Few days ago,Once in a while,Few days ago,7 - 9,Good,Never,Never,I engage relatives and friends,,Average degree of social support from family and friends is given or potentially available.,No,One on One session,,Yes,No,There is no need,No
114752484323.0,I Agree,Male,25-39 years,Technical,Good,I am OK and coping well,,,,Financial constraints,,,Relationship Difficulties,,,,Not Sure,Yes,Not so often,Very often,No,No,No,Yes,Few days ago,Few days ago,Once in a while,Few weeks ago,4 - 6,Good,Never,Never,I keep my issues to myself,,"Below average degree of social support (While some support is available, it's not consistently available).",No,Online,,Yes,No,,No
114752478997.0,I Agree,Female,25-39 years,Flight Operations,Very Good,I am OK and coping well,,Work/job related stressors,,,,,,Unresolved Childhood Difficulties,,Health problems ,Not Sure,Not Sure,Not at all,Not so often,No,Yes,Yes,Not Sure,Few days ago,Few days ago,Most of the time,Few days ago,7 - 9,OK,Never,Once in a few weeks,I engage relatives and friends,,Average degree of social support from family and friends is given or potentially available.,Yes,One on One session,,Yes,No,I have never really needed to. ,No
114752471598.0,I Agree,Female,40-49 years,Flight Operations,Good,I am OK and coping well,lots of therapy,Work/job related stressors,Emotional intelligence,Financial constraints,Trauma,Substance and Drug Dependence,Relationship Difficulties,Unresolved Childhood Difficulties,Anxiety and Depression,Spirituality,No,Yes,Not so often,Not so often,Yes,Yes,No,Yes,Few days ago,Few days ago,Most of the time,Few days ago,7 - 9,Very Good,Never,Once in a few weeks,I seek help from a processional counselor,seek help from religious leaders,"High degree of social support (Much support is either given or is available, if needed, from family and friends).",Yes,Group session,,Yes,Yes,,Yes
114752475164.0,I Agree,Male,25-39 years,Technical,Very Good,I am OK and coping well,,,,Financial constraints,,,,,,,Yes,Not Sure,Not so often,Somewhat often,No,No,No,Not Sure,Few weeks ago,I don't remember,Once in a while,Few days ago,4 - 6,Good,Never,Once in a few weeks,I engage relatives and friends,,Average degree of social support from family and friends is given or potentially available.,No,Online,,Yes,,,
114752476254.0,I Agree,Female,25-39 years,Flight Operations,,,,,,,,,,,,,,,,,,,,,,,,,,,,,,,,,,,,,,
114752455764.0,I Agree,Female,25-39 years,Flight Operations,Good,I’m just there,,,Emotional intelligence,Financial constraints,,,,,,,Not Sure,Not Sure,Not so often,Not at all,No,No,No,Yes,Few days ago,Few days ago,Most of the time,Few days ago,4 - 6,Very Good,Never,Never,I keep my issues to myself,,Average degree of social support from family and friends is given or potentially available.,Yes,Online,,Yes,No,I don't know how to,Yes
114752448275.0,I Agree,Male,40-49 years,Ground Operations,Very Good,I am OK and coping well,no,,,Financial constraints,,,,,,,No,No,Not at all,Not at all,No,No,No,Yes,Few days ago,Few days ago,Always,Few days ago,7 - 9,Very Good,Never,Never,I engage relatives and friends,,"High degree of social support (Much support is either given or is available, if needed, from family and friends).",No,One on One session,,Yes,No,N/a,No
114752448409.0,I Agree,Female,25-39 years,Technical,Fair,I’m just there,,,,,,,Relationship Difficulties,,Anxiety and Depression,,Not Sure,Yes,Somewhat often,Somewhat often,No,No,No,Not Sure,Few days ago,Few days ago,Most of the time,I don't remember,9+,Good,Never,Once in a few weeks,I keep my issues to myself,,Average degree of social support from family and friends is given or potentially available.,No,One on One session,,Yes,No,,No
114752449545.0,I Agree,Female,40-49 years,Commercial,,,,,,,,,,,,,,,,,,,,,,,,,,,,,,,,,,,,,,
114752443477.0,I Agree,Female,40-49 years,Commercial,Good,I am OK and coping well,,,,Financial constraints,,,,,,,No,No,Not at all,Not so often,No,No,No,Not Sure,Few days ago,Few days ago,Most of the time,Few weeks ago,4 - 6,Good,Never,Once in a few weeks,I keep my issues to myself,,Average degree of social support from family and friends is given or potentially available.,Yes,Online,,Yes,No,I have had no compelling reason to,No
114752441201.0,I Agree,Female,25-39 years,Ground Operations,Very Good,I am OK and coping well,,Work/job related stressors,,Financial constraints,,,Relationship Difficulties,,Anxiety and Depression,,Yes,No,Not so often,Not so often,No,No,No,Yes,Few months ago,Few weeks ago,Most of the time,Few days ago,4 - 6,Bad,Never,Once in a few weeks,I keep my issues to myself,,Average degree of social support from family and friends is given or potentially available.,No,Online,,No,,,Yes
114752438751.0,I Agree,Male,40-49 years,Technical,Excellent,I am OK and coping well,,,,Financial constraints,,,,,,,No,No,Not so often,Not at all,No,No,No,Yes,Few days ago,Few days ago,Most of the time,Few days ago,4 - 6,Good,Once in a few weeks,Once in a few weeks,I engage relatives and friends,,"High degree of social support (Much support is either given or is available, if needed, from family and friends).",Yes,Online,,Yes,No,,No
114752433561.0,I Agree,Male,50+ years,Ground Operations,Excellent,I am OK and coping well,none,Work/job related stressors,,,,,,,,,No,No,Not at all,Not at all,No,No,Not sure,Yes,Few days ago,Few days ago,Always,Few days ago,7 - 9,Very Good,More than once everyday,Never,I engage relatives and friends,,"High degree of social support (Much support is either given or is available, if needed, from family and friends).",No,Online,,Yes,No,will attend next week seminaar,No
114752418530.0,I Agree,Male,25-39 years,Technical,Very Good,I am OK and coping well,,,,Financial constraints,,Substance and Drug Dependence,Relationship Difficulties,,Anxiety and Depression,,No,No,Not at all,Not so often,No,No,No,Yes,Few days ago,Few days ago,Always,Few days ago,4 - 6,OK,Never,Once everyday,I engage relatives and friends,,"High degree of social support (Much support is either given or is available, if needed, from family and friends).",No,Online,,Yes,No,,No
114752417535.0,I Agree,Male,25-39 years,Ground Operations,Excellent,I am OK and coping well,,Work/job related stressors,,Financial constraints,,,,,,,No,No,Very often,Somewhat often,No,No,No,Yes,Few days ago,Few days ago,Most of the time,Few days ago,7 - 9,OK,Never,Never,I engage relatives and friends,,"High degree of social support (Much support is either given or is available, if needed, from family and friends).",No,Online,,Yes,No,I have not yet accessed the service,No
114752414371.0,I Agree,Male,50+ years,Technical,Very Good,I am OK and coping well,NIL,Work/job related stressors,,,,,,,,,No,No,Not at all,Not at all,No,No,No,Yes,Few days ago,Few days ago,Always,Few days ago,7 - 9,Very Good,Never,Once in a few weeks,I engage relatives and friends,,Above average degree of social support (Given or potentially available from family and friends).,No,Online,,Yes,Yes,,No
114752403613.0,I Agree,Male,40-49 years,Commercial,Good,I am OK and coping well,,Work/job related stressors,,Financial constraints,,,,,,,No,Yes,Not at all,Not so often,No,No,No,Yes,Few months ago,Few days ago,Most of the time,Few weeks ago,4 - 6,OK,Never,Once in a few weeks,I seek for available options online,,Average degree of social support from family and friends is given or potentially available.,Yes,Online,,Yes,Yes,,No
114752409482.0,I Agree,Male,25-39 years,Finance,Very Good,I am OK and coping well,,,,,,Substance and Drug Dependence,,,,,No,No,Not at all,Not at all,No,No,No,Yes,Few days ago,Few days ago,Most of the time,Few days ago,7 - 9,Very Good,Never,Never,I engage relatives and friends,,"High degree of social support (Much support is either given or is available, if needed, from family and friends).",Yes,One on One session,,Yes,No,I need more information as regards to the services they offer,No
114752402106.0,I Agree,Female,40-49 years,Flight Operations,Good,I am OK and coping well,I m ok,,,,Trauma,,,,,,Not Sure,Not Sure,Not at all,Not at all,No,No,No,Yes,Few months ago,Few months ago,Most of the time,Few months ago,4 - 6,Good,Never,Once in a few weeks,I seek help from my religious leader,I seek help by praying ,Average degree of social support from family and friends is given or potentially available.,Yes,One on One session,,Yes,No,I m not busy with work ,Yes
114752412529.0,I Agree,Male,40-49 years,Flight Operations,Good,I am OK and coping well,No,Work/job related stressors,,,,,,,,,No,No,Not so often,Not at all,No,No,No,No,Few days ago,Few days ago,Most of the time,Few days ago,7 - 9,Good,Never,Once in a few weeks,I seek help from a processional counselor,,Above average degree of social support (Given or potentially available from family and friends).,No,Online,,Yes,No,Have never had any issue,No
114752412313.0,I Agree,Female,25-39 years,Ground Operations,Good,I am OK and coping well,,,Emotional intelligence,Financial constraints,,,,,,,No,No,Not so often,Not at all,No,No,No,Yes,Few days ago,Few days ago,Most of the time,Few days ago,4 - 6,Bad,Never,Never,I engage relatives and friends,I pray,Above average degree of social support (Given or potentially available from family and friends).,Yes,Group session,,Yes,No,I have never felt the need to access the service.,No
114752410277.0,I Agree,Male,25-39 years,Flight Operations,Good,I’m just there,,Work/job related stressors,Emotional intelligence,,,,Relationship Difficulties,,Anxiety and Depression,,No,Yes,Not so often,Not at all,No,No,No,Not Sure,I don't remember,I don't remember,Once in a while,Few weeks ago,7 - 9,Good,Never,Never,I keep my issues to myself,,"Below average degree of social support (While some support is available, it's not consistently available).",No,One on One session,,Yes,No,Never had reason to,No
114752405836.0,I Agree,Male,40-49 years,Flight Operations,Very Good,I am OK and coping well,,Work/job related stressors,,,,,,,,Toxic and arrogant 737 Fleet Manager,No,No,Not at all,Not at all,No,No,No,Yes,Few days ago,Few days ago,Always,Few days ago,7 - 9,Very Good,Never,Never,I engage relatives and friends,I pray to God the Most loving and Mercifull,"High degree of social support (Much support is either given or is available, if needed, from family and friends).",No,Pamphlets and nuggets,,Yes,No,All thanks to God my life has been bleased. I derive so much joy in my job. Flying has been my passion and dream...I am living my Dream. I am doing what I truly love. I cannot thank God enough for such an amazing blessing.,No
114752402162.0,I Agree,Female,25-39 years,Ground Operations,Fair,I’m just there,,Work/job related stressors,,Financial constraints,,,,,Anxiety and Depression,,Not Sure,No,Not so often,Not so often,Yes,Yes,No,Yes,Few days ago,Few days ago,Most of the time,Few weeks ago,4 - 6,OK,Never,Never,I engage relatives and friends,,Average degree of social support from family and friends is given or potentially available.,Yes,One on One session,,Yes,No,I have never reached out to them,No
114752401992.0,I Agree,Male,25-39 years,Flight Operations,Very Good,I am OK and coping well,NO,Work/job related stressors,,,,,,,,,Not Sure,No,Not at all,Not at all,No,No,No,Not Sure,Few days ago,Few days ago,Most of the time,Few days ago,4 - 6,OK,Never,Never,I keep my issues to myself,KEEPING MYSELF BUSY WITH WORK,"Below average degree of social support (While some support is available, it's not consistently available).",No,Online,,No,,,Yes
114752403219.0,I Agree,Female,25-39 years,Technical,,,,,,,,,,,,,,,,,,,,,,,,,,,,,,,,,,,,,,
114752391161.0,I Agree,Male,25-39 years,Flight Operations,Excellent,I am OK and coping well,NIL,Work/job related stressors,Emotional intelligence,Financial constraints,,,Relationship Difficulties,,Anxiety and Depression,,No,No,Not at all,Not at all,No,No,No,Yes,Few days ago,Few days ago,Most of the time,Few days ago,7 - 9,Good,Never,Never,I engage relatives and friends,,"Below average degree of social support (While some support is available, it's not consistently available).",No,Online,,Yes,No,NO NEED,No
114752384015.0,I Agree,Male,25-39 years,Corporate Communications & Public Affairs,Good,I’m just there,,,,Financial constraints,,,,,,,Not Sure,No,Not so often,Not so often,No,No,No,Not Sure,I don't remember,I don't remember,Once in a while,Few days ago,7 - 9,Good,Never,Once in a few weeks,I keep my issues to myself,,Average degree of social support from family and friends is given or potentially available.,Yes,One on One session,,No,,,No
114752388974.0,I Agree,Female,25-39 years,Flight Operations,Fair,I’m just there,I am already getting help ,Work/job related stressors,,Financial constraints,,,,,,,Yes,No,Not at all,Somewhat often,No,Yes,No,Not Sure,I don't remember,Few years ago,Most of the time,Few days ago,4 - 6,OK,Never,Never,I engage relatives and friends,,"High degree of social support (Much support is either given or is available, if needed, from family and friends).",Yes,Online,,Yes,Yes,N.A,No
114752386190.0,I Agree,Male,25-39 years,Technical,Very Good,I am OK and coping well,I'm very much okay ,Work/job related stressors,,Financial constraints,,,,,,,No,No,Not at all,Not at all,No,No,No,Yes,Few days ago,Few days ago,Most of the time,Few days ago,7 - 9,Very Good,Once everyday,Once in a few weeks,I engage relatives and friends,,"High degree of social support (Much support is either given or is available, if needed, from family and friends).",Yes,Online,,Yes,Yes,,No
114752383441.0,I Agree,Female,25-39 years,Commercial,Fair,I’m just there,na,Work/job related stressors,,,,,,,,,Yes,Yes,Not at all,Very often,No,No,No,No,I don't remember,Few days ago,About half the time,Few months ago,4 - 6,OK,Never,Never,I keep my issues to myself,,"High degree of social support (Much support is either given or is available, if needed, from family and friends).",No,Online,,No,,,No
114752379549.0,I Agree,Female,40-49 years,Managing Director's Office,Very Good,I am OK and coping well,,Work/job related stressors,Emotional intelligence,,,,,,,,No,No,Not so often,Not at all,No,No,No,Yes,Few days ago,Few days ago,Most of the time,Few days ago,4 - 6,Good,Never,Once in a few weeks,I engage relatives and friends,,"High degree of social support (Much support is either given or is available, if needed, from family and friends).",Yes,Online,,Yes,No,I havent had the need for it,No
114752379934.0,I Agree,Male,25-39 years,Technical,,,,,,,,,,,,,,,,,,,,,,,,,,,,,,,,,,,,,,
114752370757.0,I Agree,Female,25-39 years,Technical,Excellent,I am OK and coping well,,Work/job related stressors,,,,,,,,,No,No,Not at all,Not at all,No,No,No,Yes,Few days ago,Few days ago,Always,Few days ago,4 - 6,Good,Never,Never,I engage relatives and friends,Talking to my closest friend,Above average degree of social support (Given or potentially available from family and friends).,No,One on One session,,Yes,No,,No
114752373139.0,I Agree,Male,50+ years,Technical,Excellent,I am OK and coping well,no need,Work/job related stressors,,Financial constraints,,,,,,,No,No,Not at all,Not at all,No,No,No,Yes,Few days ago,Few days ago,Always,Few days ago,4 - 6,Good,Never,Once in a few weeks,I seek help from my religious leader,,Average degree of social support from family and friends is given or potentially available.,Yes,Online,,Yes,No,nil need,No
114752370197.0,I Agree,Female,40-49 years,Commercial,Very Good,I am OK and coping well,,,,Financial constraints,,,,,,,No,No,Not so often,Not so often,No,No,No,Yes,Few weeks ago,Few months ago,Most of the time,Few days ago,7 - 9,Good,Never,Once in a few weeks,I engage relatives and friends,,Above average degree of social support (Given or potentially available from family and friends).,Yes,Group session,,Yes,No,Have not had any pressing issues that require the services,No
114752370020.0,I Agree,Female,50+ years,Ground Operations,Poor,I’m just there,,Work/job related stressors,,,,,,,,,Yes,Yes,Very often,Somewhat often,No,No,No,Yes,Few months ago,I don't remember,Once in a while,I don't remember,4 - 6,OK,Never,Never,I keep my issues to myself,,No support or potential support is available from either family or friends,No,Pamphlets and nuggets,,No,,,No
114752344135.0,I Agree,Male,40-49 years,Commercial,Good,I’m just there,Work from Home. Go to the office once a month.,Work/job related stressors,,Financial constraints,,,Relationship Difficulties,,,,Not Sure,Yes,Somewhat often,Very often,No,No,No,Not Sure,Few years ago,I don't remember,Once in a while,Few years ago,4 - 6,Bad,Never,Once in a few weeks,I keep my issues to myself,,"Below average degree of social support (While some support is available, it's not consistently available).",Yes,Online,,No,,,No
114752352246.0,I Agree,Female,25-39 years,Flight Operations,Good,I am OK and coping well,,Work/job related stressors,,Financial constraints,Trauma,,Relationship Difficulties,Unresolved Childhood Difficulties,Anxiety and Depression,,Not Sure,No,Not so often,Very often,No,No,No,Not Sure,I don't remember,Few days ago,Most of the time,Few days ago,4 - 6,OK,Never,Once in a few weeks,I keep my issues to myself,,No support or potential support is available from either family or friends,No,Online,,Yes,No,Mostly it’s when am over recommended BMI which no one wants to understand the problem that brings overweight.,Yes
114752298447.0,I Agree,Female,18-24 years,Technical,Good,I am OK and coping well,,,,Financial constraints,,,,Unresolved Childhood Difficulties,,,No,No,Not at all,Not at all,No,No,No,Yes,Few days ago,Few days ago,Always,Few days ago,4 - 6,OK,Never,Never,I seek for available options online,,Average degree of social support from family and friends is given or potentially available.,No,Online,,Yes,Yes,,No
114752354426.0,I Agree,Male,50+ years,Flight Operations,Excellent,I am OK and coping well,,Work/job related stressors,,,,,,,,,No,No,Not at all,Not at all,No,No,No,Yes,Few days ago,Few days ago,Most of the time,Few days ago,7 - 9,Very Good,Never,Once in a few weeks,I engage relatives and friends,,"High degree of social support (Much support is either given or is available, if needed, from family and friends).",No,Online,,Yes,No,,No
114752351553.0,I Agree,Male,25-39 years,Flight Operations,Fair,I’m just there,No help,Work/job related stressors,Emotional intelligence,,,,,,,,Yes,Yes,Not at all,Somewhat often,No,No,No,Not Sure,Few days ago,Few days ago,About half the time,Few days ago,7 - 9,Bad,Never,Once in a few weeks,I keep my issues to myself,,Above average degree of social support (Given or potentially available from family and friends).,No,Online,,Yes,No,Lack of time,No
114752348271.0,I Agree,Female,25-39 years,Managing Director's Office,Very Good,I am OK and coping well,,Work/job related stressors,Emotional intelligence,Financial constraints,Trauma,,Relationship Difficulties,,Anxiety and Depression,,Yes,Yes,Not so often,Somewhat often,No,No,No,Yes,Few months ago,Few days ago,Most of the time,Few months ago,4 - 6,OK,Never,Never,I engage relatives and friends,,"High degree of social support (Much support is either given or is available, if needed, from family and friends).",Yes,Online,,No,,,No
114752344664.0,I Agree,Female,25-39 years,Commercial,Poor,I am not OK,Therapist ,Work/job related stressors,Emotional intelligence,,,,,Unresolved Childhood Difficulties,,,Yes,Yes,Very often,Very often,No,No,No,Yes,Few days ago,I don't remember,Once in a while,Few days ago,4 - 6,OK,Never,Once in a few weeks,I keep my issues to myself,,"Below average degree of social support (While some support is available, it's not consistently available).",No,Online,,Yes,No,Fear of being judged ,Yes
114752347221.0,I Agree,Male,40-49 years,Ground Operations,Fair,I’m just there,Councillor ,,,Financial constraints,,,Relationship Difficulties,,Anxiety and Depression,,Yes,Yes,Not so often,Somewhat often,No,No,No,Yes,Few years ago,Few months ago,Once in a while,Few months ago,4 - 6,OK,More than once everyday,Once in a few weeks,I go to the pub and drink,,"Below average degree of social support (While some support is available, it's not consistently available).",No,One on One session,,Yes,No,,Yes
114752341812.0,I Agree,Male,50+ years,Ground Operations,Very Good,I am OK and coping well,,Work/job related stressors,,Financial constraints,,,,,,,Yes,No,Somewhat often,Not at all,No,No,No,Yes,Few years ago,Few weeks ago,Most of the time,Few days ago,4 - 6,Good,Never,Never,I keep my issues to myself,,"High degree of social support (Much support is either given or is available, if needed, from family and friends).",No,Online,,Yes,,,
114752336243.0,I Agree,Male,25-39 years,Managing Director's Office,Good,I am OK and coping well,,Work/job related stressors,,Financial constraints,,,,Unresolved Childhood Difficulties,,,Not Sure,Yes,Not so often,Somewhat often,No,No,No,Yes,I don't remember,Few days ago,Once in a while,Few days ago,4 - 6,Very Good,Never,Never,I seek for available options online,,"Below average degree of social support (While some support is available, it's not consistently available).",No,One on One session,,Yes,No,Lark of time and stigma ,Yes
114752340662.0,I Agree,Male,50+ years,Ground Operations,Very Good,I am OK and coping well,,Work/job related stressors,Emotional intelligence,Financial constraints,,Substance and Drug Dependence,Relationship Difficulties,,Anxiety and Depression,,No,No,Not at all,Not at all,No,No,No,Yes,Few days ago,Few days ago,Always,Few days ago,7 - 9,Good,Never,Never,I engage relatives and friends,,"High degree of social support (Much support is either given or is available, if needed, from family and friends).",No,One on One session,,No,,,Yes
114752338474.0,I Agree,Female,25-39 years,Flight Operations,Good,I am OK and coping well,NO,,,Financial constraints,,,,Unresolved Childhood Difficulties,,,No,No,Not so often,Not so often,No,No,No,Yes,Few months ago,Few months ago,Most of the time,Few months ago,7 - 9,Good,Never,Never,I seek help from my religious leader,I GO TO ADORATION CHAPEL,"Below average degree of social support (While some support is available, it's not consistently available).",No,Group session,,Yes,No,,No
114752336896.0,I Agree,Female,25-39 years,Flight Operations,Very Good,I am OK and coping well,,Work/job related stressors,Emotional intelligence,Financial constraints,,,,Unresolved Childhood Difficulties,Anxiety and Depression,,Not Sure,No,Not at all,Somewhat often,No,No,No,Not Sure,Few days ago,Few days ago,Most of the time,Few days ago,7 - 9,Very Good,Never,Never,I keep my issues to myself,,Above average degree of social support (Given or potentially available from family and friends).,No,One on One session,,No,,,No
114752338445.0,I Agree,Male,25-39 years,Flight Operations,,,,,,,,,,,,,,,,,,,,,,,,,,,,,,,,,,,,,,
114752336205.0,I Agree,Female,25-39 years,Flight Operations,,,,,,,,,,,,,,,,,,,,,,,,,,,,,,,,,,,,,,
114752330773.0,I Agree,Male,40-49 years,Ground Operations,Fair,I’m just there,Good Phycological counselling,Work/job related stressors,,,,,,,,,Yes,Yes,Somewhat often,Somewhat often,Not Sure,No,Yes,Yes,Few weeks ago,Few months ago,Once in a while,Few weeks ago,4 - 6,Not Sure,Never,Once in a few weeks,I keep my issues to myself,,"Below average degree of social support (While some support is available, it's not consistently available).",No,Online,,No,,,Yes
114752331684.0,I Agree,Male,25-39 years,Technical,Good,I’m just there,,Work/job related stressors,,Financial constraints,,,,,,,Yes,Yes,Not so often,Not so often,No,No,No,Not Sure,Few weeks ago,Few days ago,Most of the time,Few weeks ago,4 - 6,OK,Never,Once in a few weeks,I keep my issues to myself,,"Below average degree of social support (While some support is available, it's not consistently available).",No,Online,,No,,,Yes
114752324919.0,I Agree,Female,40-49 years,Flight Operations,Very Good,I am OK and coping well,,,Emotional intelligence,,Trauma,,,Unresolved Childhood Difficulties,,,No,Yes,Not at all,Not so often,No,No,No,Yes,Few days ago,Few days ago,Most of the time,Few days ago,4 - 6,OK,Never,Never,I engage relatives and friends,I pray,"High degree of social support (Much support is either given or is available, if needed, from family and friends).",Yes,Pamphlets and nuggets,,Yes,Yes,,No
114752327594.0,I Agree,Male,40-49 years,Ground Operations,Good,I am OK and coping well,No,,,Financial constraints,,,,,Anxiety and Depression,,Not Sure,Yes,Not so often,Somewhat often,No,No,No,Yes,Few months ago,Few months ago,Once in a while,Few weeks ago,4 - 6,OK,Never,Never,I keep my issues to myself,,Average degree of social support from family and friends is given or potentially available.,No,Online,,Yes,No,Always feel ok,No
114752328720.0,I Agree,Male,50+ years,Ground Operations,Very Good,I am OK and coping well,,Work/job related stressors,Emotional intelligence,Financial constraints,Trauma,Substance and Drug Dependence,Relationship Difficulties,Unresolved Childhood Difficulties,Anxiety and Depression,,Yes,Yes,Not so often,Not at all,Yes,Yes,No,Yes,,,,,,,,,,,,,,,,,,
114752326478.0,I Agree,Female,40-49 years,Finance,Good,I am OK and coping well,na,Work/job related stressors,,,Trauma,Substance and Drug Dependence,,,Anxiety and Depression,,No,No,Not so often,Not so often,No,Yes,No,Yes,Few days ago,Few weeks ago,Most of the time,Few weeks ago,7 - 9,Good,Never,Once in a few weeks,I engage relatives and friends,,Average degree of social support from family and friends is given or potentially available.,Yes,Online,,Yes,No,Have   private consultancy outside ,No
114752325648.0,I Agree,Female,25-39 years,Ground Operations,Good,I am OK and coping well,,Work/job related stressors,Emotional intelligence,Financial constraints,,,,,,,No,No,Not so often,Somewhat often,No,No,No,No,Few days ago,Few days ago,Most of the time,Few days ago,7 - 9,OK,Never,Never,I engage relatives and friends,,"Below average degree of social support (While some support is available, it's not consistently available).",No,Group session,,No,,,No
114752326450.0,I Agree,Female,25-39 years,Commercial,Fair,I’m just there,No,Work/job related stressors,,,,,Relationship Difficulties,Unresolved Childhood Difficulties,,,No,Yes,Somewhat often,Somewhat often,No,No,No,No,Few months ago,Few months ago,Once in a while,Few months ago,9+,Very Good,Never,Never,I keep my issues to myself,,"Below average degree of social support (While some support is available, it's not consistently available).",No,Online,,Yes,No,Never seen need to do so,No
114752323092.0,I Agree,Female,50+ years,Finance,Fair,I am not OK,"Mechanisms on how to handle anxiety, worry and stress",Work/job related stressors,,Financial constraints,,,,,Anxiety and Depression,Conflict within the work place & family,Yes,Yes,Not so often,Somewhat often,Not Sure,Yes,Not sure,No,I don't remember,I don't remember,About half the time,Few years ago,4 - 6,Bad,Never,Once in a few weeks,I engage relatives and friends,,"Below average degree of social support (While some support is available, it's not consistently available).",Yes,Online,,Yes,Yes,I have received counselling as a result of anxiety,Yes
114752322749.0,I Agree,Male,40-49 years,Managing Director's Office,Good,I’m just there,,Work/job related stressors,Emotional intelligence,Financial constraints,,,,,Anxiety and Depression,,No,Yes,Somewhat often,Not so often,No,No,No,Yes,Few years ago,Few years ago,Once in a while,Few years ago,4 - 6,OK,Never,Once in a few weeks,I keep my issues to myself,,Above average degree of social support (Given or potentially available from family and friends).,No,Online,,Yes,No,,No
114752322401.0,I Agree,Female,50+ years,Information Technology,Good,I’m just there,,Work/job related stressors,,,,,,,,,No,No,Not at all,Not at all,No,No,No,Yes,Few days ago,Few days ago,Most of the time,Few weeks ago,7 - 9,Good,Never,Once in a few weeks,I engage relatives and friends,,Above average degree of social support (Given or potentially available from family and friends).,Yes,Online,,Yes,No,Never had a reason to.,No
114752321512.0,I Agree,Female,25-39 years,Finance,Very Good,I am OK and coping well,none,Work/job related stressors,Emotional intelligence,,,,,,Anxiety and Depression,,Not Sure,Yes,Not at all,Not at all,No,No,No,Not Sure,Few months ago,Few months ago,About half the time,Few weeks ago,4 - 6,Bad,Never,Never,I engage relatives and friends,,"High degree of social support (Much support is either given or is available, if needed, from family and friends).",Yes,Online,,Yes,Yes,,No
114752294124.0,I Agree,Male,40-49 years,Commercial,Good,I’m just there,Management assistance on social welfare such as meeting half of the cost of gym.,,,,,,,,,Inabiliy to meet physical wellness due nil support from company for international station staff,Not Sure,Not Sure,Not so often,Not so often,No,No,No,Yes,I don't remember,Few weeks ago,Once in a while,Few weeks ago,4 - 6,Bad,Never,Once in a few weeks,I keep my issues to myself,,Above average degree of social support (Given or potentially available from family and friends).,No,Online,,Yes,No,i'm not based in Kenya,No
114752319157.0,I Agree,Female,25-39 years,Ground Operations,Good,I am OK and coping well,,Work/job related stressors,,,Trauma,,,,,,No,No,Not at all,Not at all,No,Yes,No,Yes,Few days ago,Few days ago,Most of the time,Few days ago,7 - 9,Good,Never,Never,I keep my issues to myself,I pray alot for strength,Average degree of social support from family and friends is given or potentially available.,No,Online,,Yes,Yes,,No
114752316883.0,I Agree,Female,40-49 years,Cargo,Excellent,I am OK and coping well,j dont need support,,,Financial constraints,,Substance and Drug Dependence,,,Anxiety and Depression,,No,No,Not at all,Not at all,No,No,No,Yes,Few days ago,Few days ago,Most of the time,Few days ago,7 - 9,Very Good,Never,Never,I engage relatives and friends,,Above average degree of social support (Given or potentially available from family and friends).,Yes,One on One session,group session,Yes,No,j will plan to attend,No
114752318429.0,I Agree,Male,40-49 years,Ground Operations,Very Good,I am OK and coping well,,,,Financial constraints,,Substance and Drug Dependence,Relationship Difficulties,,Anxiety and Depression,,Yes,Yes,Not so often,Not so often,No,No,No,Yes,Few years ago,Few months ago,Most of the time,Few days ago,4 - 6,OK,Never,Never,I engage relatives and friends,,Above average degree of social support (Given or potentially available from family and friends).,Yes,One on One session,,Yes,No,AM OK,No
114752317062.0,I Agree,Male,50+ years,Ground Operations,Very Good,I am OK and coping well,,Work/job related stressors,,Financial constraints,,,,,,,Yes,No,Not so often,Not at all,No,No,No,Yes,Few days ago,Few days ago,Always,Few days ago,7 - 9,Good,Never,Never,I engage relatives and friends,,"High degree of social support (Much support is either given or is available, if needed, from family and friends).",No,One on One session,,No,,,
114752314848.0,I Agree,Male,25-39 years,Technical,Fair,I am OK and coping well,,Work/job related stressors,,Financial constraints,,,,,,,No,No,Not so often,Not so often,No,No,No,Not Sure,Few days ago,Few days ago,Once in a while,Few days ago,4 - 6,Not Sure,Once in a few weeks,Once in a few weeks,I go to the pub and drink,,Above average degree of social support (Given or potentially available from family and friends).,No,Online,,Yes,No,I am okay,No
114752317884.0,I Agree,Female,25-39 years,Technical,Poor,I’m just there,Moral support from the team leaders and manager,Work/job related stressors,,,,,,,Anxiety and Depression,frustration from old staff and managers,Yes,Yes,Somewhat often,Very often,No,No,No,Yes,Few months ago,I don't remember,Most of the time,Few months ago,4 - 6,Not Sure,Never,Once in a few weeks,I keep my issues to myself,,"Below average degree of social support (While some support is available, it's not consistently available).",No,One on One session,,Yes,No,"No time to access , afraid of being victimized by fellow colleagues, team leaders and managers.",Yes
114752313967.0,I Agree,Female,40-49 years,Flight Operations,Good,I am OK and coping well,No,Work/job related stressors,,Financial constraints,,Substance and Drug Dependence,Relationship Difficulties,,,,No,No,Not at all,Not at all,No,No,No,Yes,Few days ago,Few days ago,Most of the time,Few weeks ago,7 - 9,OK,Never,Once in a few weeks,I engage relatives and friends,,Above average degree of social support (Given or potentially available from family and friends).,Yes,Group session,,Yes,No,I have not had a situation that I needed to however I have referred a couple of colleagues who have gone through difficult periods in their lives.,No
114752315645.0,I Agree,Male,40-49 years,Ground Operations,Poor,I’m just there,Financial support ,Work/job related stressors,,Financial constraints,,,,,Anxiety and Depression,,Yes,Yes,Somewhat often,Very often,No,No,No,Not Sure,Few weeks ago,Few weeks ago,Once in a while,Few weeks ago,4 - 6,OK,Never,Once in a few weeks,I keep my issues to myself,,Above average degree of social support (Given or potentially available from family and friends).,Yes,Online,,Yes,No,I have a feeling that it's not confidential ,No
114752313364.0,I Agree,Male,40-49 years,Managing Director's Office,Good,I am OK and coping well,,Work/job related stressors,Emotional intelligence,Financial constraints,,Substance and Drug Dependence,Relationship Difficulties,,Anxiety and Depression,,No,No,Not so often,Somewhat often,No,No,No,Yes,Few days ago,Few days ago,Most of the time,Few days ago,7 - 9,Good,Never,Once in a few weeks,I engage relatives and friends,,Average degree of social support from family and friends is given or potentially available.,Yes,Online,,Yes,Yes,,No
114752314575.0,I Agree,Female,18-24 years,Ground Operations,Fair,I am not OK,A therapist .,Work/job related stressors,,,,,,,,,Yes,Yes,Somewhat often,Somewhat often,No,No,No,Yes,Few days ago,Few days ago,Most of the time,Few days ago,9+,Very Good,Never,Never,I seek help from my religious leader,,"High degree of social support (Much support is either given or is available, if needed, from family and friends).",No,Online,,Yes,No,New staff,Yes
114752311001.0,I Agree,Female,40-49 years,Human Resources,Good,I am OK and coping well,I am okay. But feel like I need support in work life balance.,Work/job related stressors,Emotional intelligence,,,,,,Anxiety and Depression,,No,No,Not at all,Not at all,No,No,Yes,Yes,Few days ago,Few weeks ago,About half the time,Few days ago,7 - 9,Good,Never,Once in a few weeks,,,,,,,,,,
114752312036.0,I Agree,Female,25-39 years,Commercial,Good,I am OK and coping well,,Work/job related stressors,,,,,,,Anxiety and Depression,,No,Yes,Not at all,Not at all,No,No,No,Yes,Few days ago,I don't remember,Once in a while,I don't remember,4 - 6,Good,Never,Once in a few weeks,I keep my issues to myself,,"Below average degree of social support (While some support is available, it's not consistently available).",Yes,One on One session,,Yes,No,I don't know how to start the conversation ,No
114752303702.0,I Agree,Male,50+ years,Human Resources,Very Good,I’m just there,So far so good,Work/job related stressors,,Financial constraints,,,,,,,No,No,Not so often,Not at all,No,No,No,Yes,Few months ago,Few months ago,Most of the time,Few days ago,4 - 6,Bad,Never,Once in a few weeks,I engage relatives and friends,,Average degree of social support from family and friends is given or potentially available.,No,Group session,,Yes,No,Planning to do so,Yes
114752312465.0,I Agree,Male,40-49 years,Information Technology,,,,,,,,,,,,,,,,,,,,,,,,,,,,,,,,,,,,,,
114752293035.0,I Agree,Female,40-49 years,Flight Operations,Good,I am OK and coping well,,,Emotional intelligence,Financial constraints,Trauma,,,,,,No,No,Not so often,Not so often,Yes,Yes,No,No,Few days ago,Few days ago,Most of the time,Few days ago,4 - 6,OK,Once in a few weeks,Once in a few weeks,I engage relatives and friends,,Average degree of social support from family and friends is given or potentially available.,Yes,Group session,,Yes,Yes,,No
114752305064.0,I Agree,Female,50+ years,Technical,Very Good,I am OK and coping well,none,Work/job related stressors,Emotional intelligence,Financial constraints,,Substance and Drug Dependence,Relationship Difficulties,Unresolved Childhood Difficulties,Anxiety and Depression,,No,Yes,Not so often,Not at all,No,No,No,Yes,Few days ago,Few days ago,Most of the time,Few days ago,4 - 6,OK,Never,Never,I keep my issues to myself,,Above average degree of social support (Given or potentially available from family and friends).,No,Group session,,Yes,No,Never had any need.,No
114752303433.0,I Agree,Female,18-24 years,Commercial,Fair,I am not OK,Someone to talk to,Work/job related stressors,Emotional intelligence,Financial constraints,,,Relationship Difficulties,,,,Yes,Yes,Not so often,Somewhat often,No,No,No,No,Few months ago,Few months ago,About half the time,Few months ago,7 - 9,Good,Never,Once in a few weeks,I keep my issues to myself,,"Below average degree of social support (While some support is available, it's not consistently available).",No,Group session,,Yes,No,"Fear of talking about my issues and have it said to my supervisor, manager and colleagues.",Yes
114752301519.0,I Agree,Male,25-39 years,Ground Operations,Excellent,I am OK and coping well,,,,Financial constraints,,,Relationship Difficulties,Unresolved Childhood Difficulties,Anxiety and Depression,,No,No,Not so often,Not so often,No,No,No,Yes,Few days ago,Few days ago,Always,Few days ago,7 - 9,Very Good,Never,Never,I engage relatives and friends,,"High degree of social support (Much support is either given or is available, if needed, from family and friends).",Yes,Online,,Yes,No,I haven't had an issue with mental health,Yes
114752302195.0,I Agree,Female,25-39 years,Commercial,Good,I’m just there,,,,Financial constraints,,,,,,,Yes,Not Sure,Not at all,Not so often,No,No,No,Not Sure,I don't remember,Few years ago,Once in a while,Few months ago,4 - 6,OK,Never,Never,I keep my issues to myself,,"Below average degree of social support (While some support is available, it's not consistently available).",No,One on One session,,No,,,No
114752299607.0,I Agree,Female,18-24 years,Cargo,Fair,I’m just there,,Work/job related stressors,Emotional intelligence,Financial constraints,Trauma,,Relationship Difficulties,Unresolved Childhood Difficulties,Anxiety and Depression,,Not Sure,Yes,Somewhat often,Very often,No,No,No,Not Sure,Few weeks ago,Few weeks ago,Once in a while,Few months ago,4 - 6,Good,Never,Never,I keep my issues to myself,,"Below average degree of social support (While some support is available, it's not consistently available).",No,Online,,Yes,No,work ,No
114752298792.0,I Agree,Male,25-39 years,Technical,Good,I am OK and coping well,,Work/job related stressors,Emotional intelligence,Financial constraints,,,,,Anxiety and Depression,,No,Yes,Not so often,Not so often,No,No,No,Yes,Few days ago,Few days ago,Always,Few days ago,4 - 6,Bad,Never,Never,I engage relatives and friends,,Average degree of social support from family and friends is given or potentially available.,No,One on One session,,No,,,No
114752302975.0,I Agree,Female,25-39 years,Flight Operations,,,,,,,,,,,,,,,,,,,,,,,,,,,,,,,,,,,,,,
114752299565.0,I Agree,Female,25-39 years,Commercial,Poor,I’m just there,How to cope with a toxic workplace and toxic leadership at the workplace ,Work/job related stressors,,,,,,,Anxiety and Depression,,Yes,Yes,Very often,Somewhat often,Yes,No,No,Yes,I don't remember,Few months ago,Once in a while,I don't remember,4 - 6,OK,Never,Once in a few weeks,I keep my issues to myself,,Average degree of social support from family and friends is given or potentially available.,No,One on One session,,Yes,Yes,,No
114752296454.0,I Agree,Male,25-39 years,Finance,Excellent,I am OK and coping well,,Work/job related stressors,,Financial constraints,,,Relationship Difficulties,,,,Not Sure,Yes,Not so often,Not so often,No,No,No,Yes,Few days ago,Few days ago,Always,Few days ago,7 - 9,Good,Never,Never,I engage relatives and friends,,Above average degree of social support (Given or potentially available from family and friends).,No,One on One session,,Yes,Yes,,No
114752296449.0,I Agree,Male,50+ years,Cargo,Good,I am OK and coping well,,Work/job related stressors,Emotional intelligence,Financial constraints,,,,,,,No,No,Not at all,Not at all,No,No,No,Yes,Few days ago,Few days ago,Always,Few days ago,7 - 9,Good,Never,Never,I seek for available options online,,Above average degree of social support (Given or potentially available from family and friends).,No,Online,,No,,,No
114752297744.0,I Agree,Female,25-39 years,Flight Operations,,,,,,,,,,,,,,,,,,,,,,,,,,,,,,,,,,,,,,
114752294829.0,I Agree,Female,40-49 years,Commercial,Fair,I’m just there,,Work/job related stressors,,Financial constraints,,,Relationship Difficulties,,,,No,Yes,Not so often,Not so often,No,No,No,Not Sure,Few days ago,Few weeks ago,Most of the time,Few days ago,7 - 9,Not Sure,Never,Once in a few weeks,I keep my issues to myself,,"Below average degree of social support (While some support is available, it's not consistently available).",Yes,One on One session,,Yes,No,No need yet,No
114752294020.0,I Agree,Female,25-39 years,Ground Operations,Good,I am OK and coping well,,Work/job related stressors,,Financial constraints,Trauma,,,,,,No,No,Not at all,Not so often,No,No,No,Yes,Few days ago,Few days ago,Always,Few weeks ago,4 - 6,OK,Never,Never,I engage relatives and friends,,Average degree of social support from family and friends is given or potentially available.,Yes,Group session,,Yes,No,,No
114752294620.0,I Agree,Female,40-49 years,Technical,Excellent,I am OK and coping well,,Work/job related stressors,,Financial constraints,,Substance and Drug Dependence,Relationship Difficulties,Unresolved Childhood Difficulties,,"ON A SERIOUS NOTE,TACKLE CHILDLESSNESS.",No,No,Not at all,Not at all,No,No,No,Yes,Few days ago,Few days ago,Always,Few days ago,4 - 6,Very Good,Never,Never,I seek help from my religious leader,,Above average degree of social support (Given or potentially available from family and friends).,Yes,One on One session,,Yes,No,NO CLEAR INFORMATION ABOUT THEM,No
114752289986.0,I Agree,Male,40-49 years,Flight Operations,Good,I am OK and coping well,,Work/job related stressors,,,Trauma,,Relationship Difficulties,,Anxiety and Depression,,Yes,Yes,Not so often,Somewhat often,Yes,Yes,No,No,Few days ago,Few days ago,Most of the time,Few days ago,4 - 6,Very Good,Never,Never,I seek help from my religious leader,,"Below average degree of social support (While some support is available, it's not consistently available).",Yes,Online,,Yes,No,No particular need,No
114752295641.0,I Agree,Female,25-39 years,Ground Operations,,,,,,,,,,,,,,,,,,,,,,,,,,,,,,,,,,,,,,
114752292641.0,I Agree,Female,50+ years,Flight Operations,Fair,I am not OK,,,,,,,,,Anxiety and Depression,,Yes,Yes,Not so often,Not at all,No,No,No,Yes,Few years ago,I don't remember,Once in a while,Few days ago,4 - 6,Good,Never,Never,I keep my issues to myself,,No support or potential support is available from either family or friends,Yes,Online,,Yes,Yes,,No
114752291046.0,I Agree,Male,50+ years,Managing Director's Office,Excellent,I am OK and coping well,,,,,,,,,,None of the above,No,No,Not at all,Not at all,No,No,No,Yes,Few days ago,Few days ago,Most of the time,Few days ago,7 - 9,Good,Never,Once in a few weeks,I engage relatives and friends,,Average degree of social support from family and friends is given or potentially available.,Yes,Group session,,Yes,No,I have no had any mental health issues,No
114752293612.0,I Agree,Female,50+ years,Finance,Good,I am OK and coping well,,Work/job related stressors,,,,,,,,,No,No,Not so often,Not so often,No,No,No,Yes,Few days ago,Few days ago,Most of the time,Few days ago,4 - 6,Good,Never,Never,I engage relatives and friends,,"High degree of social support (Much support is either given or is available, if needed, from family and friends).",No,Online,,Yes,No,,No
114752291509.0,I Agree,Female,25-39 years,Ground Operations,Fair,I’m just there,,Work/job related stressors,,,,,,,Anxiety and Depression,,No,Yes,Very often,Somewhat often,No,No,No,Yes,Few days ago,Few days ago,Most of the time,Few days ago,9+,Very Good,Never,Never,I engage relatives and friends,,"High degree of social support (Much support is either given or is available, if needed, from family and friends).",No,Group session,,Yes,Yes,,No
114752290239.0,I Agree,Female,25-39 years,Ground Operations,Fair,I am not OK,Counselling ,Work/job related stressors,,,,,,,Anxiety and Depression,,Yes,Yes,Not so often,Not so often,No,No,No,Not Sure,Few weeks ago,Few weeks ago,Once in a while,Few weeks ago,7 - 9,Very Good,Never,Once in a few weeks,I keep my issues to myself,,"Below average degree of social support (While some support is available, it's not consistently available).",Yes,One on One session,,Yes,Yes,,Yes
114752283323.0,I Agree,Female,50+ years,Human Resources,Very Good,I am OK and coping well,I am well supported,Work/job related stressors,Emotional intelligence,,,,,,Anxiety and Depression,,No,No,Not at all,Not so often,No,Yes,No,Yes,Few days ago,Few days ago,Most of the time,Few days ago,4 - 6,Good,Never,More than once everyday,I engage relatives and friends,"- Working on a budget, prioritizing work/tasks, making sure I have goal am working on, attending to important and urgent matters and leaving what can wait wait, enganging in fitness activities e.g. hiking, swimming, cycling, skipping, personal gym activities, eating well, I don't force things, ensuring that I dedicate to my work by giving it the best shot and being innovative, thorough, vigilant, I love what I do and always looking to giving it the best and looking always to improving e.g. process improvement, giving feedback, maintaining a positive feedback e.t.c",Average degree of social support from family and friends is given or potentially available.,Yes,Group session,online,Yes,No,Have not identified the need,No
114752288981.0,I Agree,Male,40-49 years,Technical,Very Good,I’m just there,"was issued with a FINAL warning, the union walked away from me before the panel started, this has greatly influenced my status, I was pulled off shift loosing close to 30k, Ive never recovered.",Work/job related stressors,Emotional intelligence,Financial constraints,,,,,,,Yes,No,Not at all,Very often,No,No,No,Yes,I don't remember,I don't remember,About half the time,I don't remember,7 - 9,Bad,Never,Once in a few weeks,I keep my issues to myself,,No support or potential support is available from either family or friends,No,Online,,Yes,No,I tried but couldn't connect,No
114752288983.0,I Agree,Male,50+ years,Ground Operations,Fair,I am OK and coping well,stress,Work/job related stressors,,,,,,,Anxiety and Depression,,Yes,Not Sure,Not so often,Somewhat often,No,No,Not sure,Yes,Few weeks ago,Few weeks ago,Most of the time,Few weeks ago,Less than 4,Bad,More than once everyday,Once in a few weeks,I keep my issues to myself,,Above average degree of social support (Given or potentially available from family and friends).,No,Online,,No,,,Yes
114752289327.0,I Agree,Male,25-39 years,Commercial,Good,I’m just there,,Work/job related stressors,Emotional intelligence,Financial constraints,,,,,Anxiety and Depression,,Yes,Yes,Not so often,Not so often,No,No,No,Yes,Few years ago,Few days ago,About half the time,Few days ago,7 - 9,OK,Never,Once in a few weeks,I keep my issues to myself,,Average degree of social support from family and friends is given or potentially available.,Yes,Online,,Yes,No,,No
114752288784.0,I Agree,Female,18-24 years,Flight Operations,Good,I am OK and coping well,,,Emotional intelligence,,Trauma,,,Unresolved Childhood Difficulties,Anxiety and Depression,,No,No,Not so often,Not so often,No,No,Not sure,Yes,Few days ago,Few days ago,Most of the time,Few days ago,4 - 6,Good,Never,Once in a few weeks,,,,,,,,,,
114752286357.0,I Agree,Female,25-39 years,Technical,Very Good,I am OK and coping well,,Work/job related stressors,Emotional intelligence,,Trauma,,,,Anxiety and Depression,,No,No,Not at all,Not at all,Yes,Yes,No,Yes,Few days ago,Few days ago,Most of the time,Few days ago,7 - 9,Good,Never,Once in a few weeks,I engage relatives and friends,I pray,"High degree of social support (Much support is either given or is available, if needed, from family and friends).",No,Group session,,Yes,No,,No
114752287088.0,I Agree,Female,25-39 years,Managing Director's Office,Good,I am OK and coping well,,,,,,,,,Anxiety and Depression,,No,No,Not so often,Not at all,Yes,Yes,Not sure,Yes,Few days ago,Few days ago,Most of the time,Few days ago,4 - 6,Good,Never,Once in a few weeks,I keep my issues to myself,,Above average degree of social support (Given or potentially available from family and friends).,Yes,Online,,Yes,No,I dont have an answer ,No
114752285963.0,I Agree,Female,25-39 years,Technical,Good,I am OK and coping well,,Work/job related stressors,Emotional intelligence,,,,Relationship Difficulties,,,,No,No,Not at all,Not at all,No,Yes,No,Yes,Few years ago,I don't remember,About half the time,I don't remember,4 - 6,OK,Never,Once in a few weeks,I engage relatives and friends,,"High degree of social support (Much support is either given or is available, if needed, from family and friends).",Yes,Online,,Yes,No,I haven't felt the need to. ,No
114752288385.0,I Agree,Female,25-39 years,Technical,Fair,I’m just there,,Work/job related stressors,,Financial constraints,,,,Unresolved Childhood Difficulties,Anxiety and Depression,,Yes,Yes,Not so often,Not so often,No,No,Not sure,No,Few days ago,Few days ago,About half the time,Few weeks ago,4 - 6,Good,Never,Never,I keep my issues to myself,,"Below average degree of social support (While some support is available, it's not consistently available).",Yes,Online,,No,,,No
114752287735.0,I Agree,Male,25-39 years,"Corporate Quality, Safety & Environment",Fair,I’m just there,,,,,,,,,Anxiety and Depression,,Yes,No,Not at all,Not so often,No,No,No,Yes,Few days ago,Few days ago,About half the time,Few days ago,7 - 9,Good,Never,Never,I seek help from my religious leader,,"High degree of social support (Much support is either given or is available, if needed, from family and friends).",No,One on One session,,Yes,No,No time,No
114752287314.0,I Agree,Female,25-39 years,Ground Operations,Good,I need support,I would want KQ to provide therapist services,Work/job related stressors,Emotional intelligence,,,,Relationship Difficulties,Unresolved Childhood Difficulties,Anxiety and Depression,,Yes,Yes,Not so often,Very often,No,No,No,No,Few weeks ago,Few days ago,Once in a while,Few days ago,7 - 9,Very Good,Never,Never,I seek help from a processional counselor,,No support or potential support is available from either family or friends,Yes,One on One session,,No,,,No
114752285949.0,I Agree,Female,25-39 years,Commercial,Poor,I am not OK,less toxic environments,Work/job related stressors,Emotional intelligence,Financial constraints,Trauma,,Relationship Difficulties,Unresolved Childhood Difficulties,Anxiety and Depression,ADHD ,Yes,Yes,Not so often,Very often,Yes,Yes,Yes,No,I don't remember,I don't remember,Once in a while,I don't remember,Less than 4,Very Bad,Never,Once in a few weeks,I keep my issues to myself,But i am tring to seek help ,Above average degree of social support (Given or potentially available from family and friends).,No,One on One session,,No,,,No
114752285026.0,I Agree,Male,25-39 years,Ground Operations,Good,I am OK and coping well,,,,Financial constraints,,,,,Anxiety and Depression,,Yes,Not Sure,Not at all,Somewhat often,No,No,No,Yes,Few days ago,Few months ago,Most of the time,Few months ago,4 - 6,OK,Never,Never,I seek help from my religious leader,,"High degree of social support (Much support is either given or is available, if needed, from family and friends).",No,Online,,No,,,No
114752285076.0,I Agree,Male,40-49 years,Commercial,Good,I am OK and coping well,am okay but financial planning a challenge with soo many competing needs and overthing of what ill do and the retirement is near,Work/job related stressors,,Financial constraints,,,,,,,No,No,Not so often,Not so often,No,No,No,Yes,Few days ago,Few weeks ago,Most of the time,Few weeks ago,4 - 6,OK,Never,Never,I engage relatives and friends,,"High degree of social support (Much support is either given or is available, if needed, from family and friends).",Yes,Group session,,Yes,Yes,,Yes
114752284288.0,I Agree,Male,40-49 years,Managing Director's Office,Excellent,I am OK and coping well,,Work/job related stressors,Emotional intelligence,Financial constraints,,Substance and Drug Dependence,,,Anxiety and Depression,,No,Not Sure,Not so often,Not so often,No,No,No,Yes,Few days ago,Few days ago,Most of the time,Few weeks ago,4 - 6,Not Sure,Never,Once in a few weeks,I keep my issues to myself,,Above average degree of social support (Given or potentially available from family and friends).,No,Online,,No,,,No
114752283734.0,I Agree,Male,40-49 years,Ground Operations,Excellent,I am OK and coping well,I need money,,,Financial constraints,,,,,,,No,No,Not at all,Not at all,No,No,No,Yes,Few years ago,Few years ago,Most of the time,Few years ago,4 - 6,Good,Never,Never,I seek help from my religious leader,I go to church to sing praises and dancing ,"Below average degree of social support (While some support is available, it's not consistently available).",Yes,Group session,Camp or hotels invitation by mental proffersors ,Yes,Yes,,No
114752284631.0,I Agree,Female,25-39 years,Information Technology,Fair,I’m just there,,,,,,Substance and Drug Dependence,,Unresolved Childhood Difficulties,,"Autism, ADHD",Yes,Yes,Somewhat often,Somewhat often,No,Yes,Not sure,Not Sure,Few days ago,Few weeks ago,Once in a while,Few weeks ago,4 - 6,Bad,Never,Once in a few weeks,I keep my issues to myself,,"Below average degree of social support (While some support is available, it's not consistently available).",No,One on One session,,No,,,Yes
114752284419.0,I Agree,Male,25-39 years,Ground Operations,Excellent,I am OK and coping well,,Work/job related stressors,,Financial constraints,,,,,,,No,No,Not at all,Not at all,No,No,No,Yes,Few days ago,Few days ago,Most of the time,Few days ago,7 - 9,Very Good,Never,Never,I engage relatives and friends,"In addition, I meditate.","High degree of social support (Much support is either given or is available, if needed, from family and friends).",Yes,Online,,Yes,No,I haven't been in a position to require such kind of assistance however I'm humbled to have such programs within my reach.,No
114752284121.0,I Agree,Male,40-49 years,Ground Operations,Good,I’m just there,,,Emotional intelligence,,,,,,,,Not Sure,Yes,Not so often,Somewhat often,No,Yes,No,Not Sure,Few years ago,Few years ago,About half the time,Few years ago,7 - 9,Bad,Never,Once in a few weeks,I engage relatives and friends,,Average degree of social support from family and friends is given or potentially available.,Yes,Online,,Yes,Yes,,No
114752283259.0,I Agree,Male,50+ years,Managing Director's Office,Excellent,I am OK and coping well,,Work/job related stressors,,Financial constraints,,,Relationship Difficulties,,,,No,Yes,Not at all,Not at all,No,No,No,Yes,Few days ago,Few days ago,Always,Few days ago,4 - 6,Good,Never,Never,I engage relatives and friends,I start praying and communing with Lord Jesus Christ.,"High degree of social support (Much support is either given or is available, if needed, from family and friends).",Yes,Online,,Yes,No,Was away on leave ,No
114752284034.0,I Agree,Female,25-39 years,Technical,Fair,I am OK and coping well,,Work/job related stressors,,,,,,,Anxiety and Depression,,No,Yes,Not so often,Not so often,No,No,No,Yes,Few weeks ago,Few weeks ago,Most of the time,Few days ago,7 - 9,Very Good,Never,Once in a few weeks,I engage relatives and friends,,"High degree of social support (Much support is either given or is available, if needed, from family and friends).",No,Group session,,Yes,No,I have always been able to get help within my circle,No
114752284890.0,I Agree,Female,25-39 years,Finance,Excellent,I am OK and coping well,,,,Financial constraints,,,Relationship Difficulties,,Anxiety and Depression,,Yes,Not Sure,Not at all,Not at all,No,No,No,Not Sure,Few days ago,Few days ago,About half the time,Few months ago,7 - 9,Good,Never,Never,I keep my issues to myself,,No support or potential support is available from either family or friends,Yes,Online,,Yes,No,I do not need it,No
114752284209.0,I Agree,Female,25-39 years,Ground Operations,Fair,I am OK and coping well,,,,Financial constraints,,,,Unresolved Childhood Difficulties,,,No,No,Somewhat often,Not so often,No,Yes,No,Yes,Few days ago,Few days ago,About half the time,Few days ago,4 - 6,Good,Never,Once in a few weeks,I seek for available options online,,Average degree of social support from family and friends is given or potentially available.,Yes,One on One session,,No,,,No
114752283108.0,I Agree,Female,25-39 years,Flight Operations,Fair,I’m just there,,Work/job related stressors,,Financial constraints,Trauma,Substance and Drug Dependence,Relationship Difficulties,Unresolved Childhood Difficulties,Anxiety and Depression,,Yes,Yes,Not at all,Not at all,No,No,No,Not Sure,I don't remember,Few days ago,Most of the time,Few days ago,4 - 6,OK,Never,Once in a few weeks,I keep my issues to myself,,Above average degree of social support (Given or potentially available from family and friends).,No,Online,,Yes,No,Just never have the energy for it.,No
114752282896.0,I Agree,Male,40-49 years,Commercial,Excellent,I am OK and coping well,,Work/job related stressors,,,,,,,Anxiety and Depression,,No,Yes,Not so often,Not so often,No,No,No,Yes,Few days ago,Few days ago,Once in a while,Few weeks ago,4 - 6,Bad,Never,Never,I keep my issues to myself,Just do destressing activity ... Gym / Run / Swimming,No support or potential support is available from either family or friends,No,One on One session,,No,,,Yes
114752283349.0,I Agree,Male,25-39 years,Finance,Good,I am OK and coping well,,,Emotional intelligence,,,,,,Anxiety and Depression,,No,Yes,Not so often,Not so often,No,No,No,Yes,Few days ago,Few months ago,Most of the time,Few weeks ago,4 - 6,Good,Never,Once in a few weeks,I keep my issues to myself,,Average degree of social support from family and friends is given or potentially available.,Yes,Pamphlets and nuggets,,Yes,No,Never in need of one,No
114752283859.0,I Agree,Female,40-49 years,Flight Operations,Good,I am OK and coping well,,Work/job related stressors,,Financial constraints,,Substance and Drug Dependence,,,,,Yes,Yes,Not at all,Very often,No,No,Not sure,No,I don't remember,Few days ago,Once in a while,Few months ago,4 - 6,Very Bad,Never,Never,I seek for available options online,,"High degree of social support (Much support is either given or is available, if needed, from family and friends).",No,Online,,Yes,No,Never needed it,No
114752284133.0,I Agree,Male,18-24 years,Technical,Excellent,I am OK and coping well,,Work/job related stressors,,Financial constraints,,,Relationship Difficulties,,,,No,Yes,Somewhat often,Somewhat often,No,No,No,Yes,Few days ago,Few days ago,Always,Few days ago,7 - 9,Good,Never,Never,I keep my issues to myself,,"High degree of social support (Much support is either given or is available, if needed, from family and friends).",No,Online,,Yes,,,
114752283229.0,I Agree,Female,18-24 years,Commercial,Very Good,I am OK and coping well,,Work/job related stressors,,Financial constraints,,,Relationship Difficulties,,Anxiety and Depression,,No,Yes,Not so often,Not so often,No,No,No,Yes,Few days ago,Few days ago,Most of the time,Few days ago,4 - 6,Good,Never,Never,I keep my issues to myself,,Above average degree of social support (Given or potentially available from family and friends).,Yes,Pamphlets and nuggets,,No,,,No
114752282585.0,I Agree,Female,25-39 years,Cargo,Good,I am OK and coping well,,Work/job related stressors,Emotional intelligence,,,,,,Anxiety and Depression,,No,No,Not at all,Not at all,No,No,No,Yes,Few days ago,Few days ago,Always,Few months ago,7 - 9,Very Good,Never,Never,I engage relatives and friends,,"High degree of social support (Much support is either given or is available, if needed, from family and friends).",Yes,Online,,Yes,No,never had a major mental issue,No
114752282410.0,I Agree,Male,25-39 years,Flight Operations,Fair,I’m just there,Work life balance to be audited,Work/job related stressors,,,,,,,,,No,No,Somewhat often,Somewhat often,No,No,No,Yes,I don't remember,I don't remember,Once in a while,Few months ago,4 - 6,Very Bad,Never,Never,I keep my issues to myself,,"Below average degree of social support (While some support is available, it's not consistently available).",No,Pamphlets and nuggets,,Yes,No,No reason,No
114752280759.0,I Agree,Male,40-49 years,Technical,Excellent,I am OK and coping well,,Work/job related stressors,,Financial constraints,,Substance and Drug Dependence,Relationship Difficulties,,Anxiety and Depression,,No,No,Not at all,Not so often,No,No,No,Yes,Few days ago,Few days ago,Most of the time,Few days ago,7 - 9,Good,Never,Once in a few weeks,I engage relatives and friends,,Average degree of social support from family and friends is given or potentially available.,No,Online,,Yes,Yes,,Yes
114752282437.0,I Agree,Male,25-39 years,Technical,Fair,I’m just there,Financial support and work-life balance.,Work/job related stressors,,Financial constraints,,Substance and Drug Dependence,Relationship Difficulties,,Anxiety and Depression,,Not Sure,Not Sure,Not at all,Somewhat often,No,No,No,Not Sure,Few months ago,Few days ago,Always,Few days ago,7 - 9,OK,Never,Never,I keep my issues to myself,,Above average degree of social support (Given or potentially available from family and friends).,No,One on One session,,Yes,No,I am not fully aware of the process.,Yes
114752281520.0,I Agree,Male,50+ years,Ground Operations,Fair,I’m just there,none,Work/job related stressors,,,,,,,,,No,Not Sure,Not so often,Somewhat often,No,No,No,Not Sure,Few months ago,Few months ago,Once in a while,Few months ago,7 - 9,Good,Never,Once everyday,I keep my issues to myself,,"Below average degree of social support (While some support is available, it's not consistently available).",No,Online,,Yes,No,Funds allocated will lower my medical cover,No
114752282944.0,I Agree,Female,40-49 years,Commercial,,,,,,,,,,,,,,,,,,,,,,,,,,,,,,,,,,,,,,
114752282348.0,I Agree,Male,25-39 years,Flight Operations,Fair,I’m just there,,Work/job related stressors,Emotional intelligence,,,,Relationship Difficulties,,Anxiety and Depression,,Yes,No,Not so often,Somewhat often,No,No,No,No,Few weeks ago,Few weeks ago,Once in a while,Few weeks ago,4 - 6,Bad,Never,Once in a few weeks,I keep my issues to myself,,"Below average degree of social support (While some support is available, it's not consistently available).",Yes,Online,,Yes,No,I want to keep my work and personal life separat,No
114752282422.0,I Agree,Female,25-39 years,Commercial,,,,,,,,,,,,,,,,,,,,,,,,,,,,,,,,,,,,,,
114752277081.0,I Agree,Male,50+ years,Managing Director's Office,Good,I’m just there,,,Emotional intelligence,,,,,Unresolved Childhood Difficulties,Anxiety and Depression,,Yes,No,Not so often,Not at all,No,No,No,Yes,Few weeks ago,Few weeks ago,Always,Few days ago,7 - 9,Good,Never,Never,I seek help from my religious leader,,No support or potential support is available from either family or friends,No,One on One session,,Yes,No,Time to attend.,Yes
114752273297.0,I Agree,Male,50+ years,Technical,Good,I am OK and coping well,Nil,Work/job related stressors,,Financial constraints,,,,,,,No,No,Not so often,Not at all,No,No,No,Yes,Few days ago,Few weeks ago,Most of the time,Few weeks ago,7 - 9,Good,Never,Once in a few weeks,I engage relatives and friends,,"High degree of social support (Much support is either given or is available, if needed, from family and friends).",No,Group session,,Yes,No,Never had a chance ,Yes
114752235988.0,I Agree,Female,25-39 years,Ground Operations,Good,I am OK and coping well,non,Work/job related stressors,Emotional intelligence,Financial constraints,,,,,,,Not Sure,No,Not at all,Not at all,No,No,No,Yes,Few months ago,Few months ago,Most of the time,Few months ago,7 - 9,Good,Never,Never,I engage relatives and friends,,Above average degree of social support (Given or potentially available from family and friends).,No,One on One session,,No,,,Yes
114751579559.0,I Agree,Female,40-49 years,Flight Operations,Good,I am OK and coping well,N.A,Work/job related stressors,Emotional intelligence,Financial constraints,Trauma,,Relationship Difficulties,,,,No,No,Not so often,Not so often,No,No,No,Yes,Few days ago,Few days ago,Most of the time,Few days ago,4 - 6,Very Good,Never,Never,I engage relatives and friends,I also journal my issues and get the root cause and seek ways to solve them personally.,"High degree of social support (Much support is either given or is available, if needed, from family and friends).",Yes,Online,,Yes,Yes,N.A,Yes
114751328854.0,I Agree,Male,50+ years,Managing Director's Office,Good,I am OK and coping well,,,Emotional intelligence,,,,Relationship Difficulties,,Anxiety and Depression,,Not Sure,Yes,Somewhat often,Somewhat often,No,No,No,Yes,Few weeks ago,Few years ago,Most of the time,I don't remember,7 - 9,Very Good,Never,Never,,,,,,,,,,
114750773187.0,I Agree,Female,25-39 years,Technical,Good,I am not OK,Career growth mentorship,,,Financial constraints,,,,,,,Yes,Yes,Somewhat often,Somewhat often,No,No,Yes,No,I don't remember,Few days ago,Once in a while,Few days ago,Less than 4,Very Bad,Never,Never,I seek for available options online,,No support or potential support is available from either family or friends,No,Group session,,No,,,Yes
114750666058.0,I Agree,Female,40-49 years,Commercial,Good,I’m just there,,Work/job related stressors,Emotional intelligence,,,,Relationship Difficulties,,,,Yes,Yes,Somewhat often,Somewhat often,No,No,No,Not Sure,Few months ago,Few months ago,Once in a while,Few months ago,4 - 6,OK,Never,Once in a few weeks,I keep my issues to myself,,Average degree of social support from family and friends is given or potentially available.,Yes,One on One session,,Yes,,,
114750654029.0,I Agree,Female,25-39 years,Flight Operations,Excellent,I am OK and coping well,,Work/job related stressors,Emotional intelligence,Financial constraints,Trauma,Substance and Drug Dependence,Relationship Difficulties,Unresolved Childhood Difficulties,Anxiety and Depression,,No,No,Not at all,Not at all,No,No,No,Yes,,,,,,,,,,,,,,,,,,
114750615719.0,I Agree,Female,40-49 years,Flight Operations,Good,I am OK and coping well,Support groups,,,Financial constraints,Trauma,,Relationship Difficulties,,Anxiety and Depression,Bereavement ,No,Yes,Not at all,Not so often,No,No,No,Yes,Few days ago,Few days ago,Most of the time,Few days ago,4 - 6,Not Sure,Never,Never,I keep my issues to myself,I seek God for answers,"Below average degree of social support (While some support is available, it's not consistently available).",Yes,Pamphlets and nuggets,,Yes,Yes,,Yes
114750592971.0,I Agree,Female,25-39 years,Flight Operations,Very Good,I am OK and coping well,,,Emotional intelligence,Financial constraints,,,Relationship Difficulties,Unresolved Childhood Difficulties,,,No,No,Not at all,Not at all,No,No,No,Not Sure,Few days ago,Few days ago,Most of the time,Few days ago,7 - 9,OK,Never,Never,I engage relatives and friends,,"High degree of social support (Much support is either given or is available, if needed, from family and friends).",No,Online,,Yes,,,
114750566714.0,I Agree,Female,25-39 years,Ground Operations,Fair,I’m just there,,Work/job related stressors,,Financial constraints,,,,,,,Yes,No,Not so often,Somewhat often,No,No,No,Not Sure,Few days ago,Few days ago,Most of the time,Few days ago,4 - 6,Bad,Never,Never,I keep my issues to myself,,No support or potential support is available from either family or friends,No,One on One session,,No,,,Yes
114750409892.0,I Agree,Male,50+ years,Technical,Good,I am OK and coping well,No ,Work/job related stressors,,Financial constraints,,,,,Anxiety and Depression,,Not Sure,Not Sure,Not at all,Not at all,No,No,No,Not Sure,Few days ago,Few days ago,Most of the time,Few years ago,4 - 6,Good,Never,Never,I seek help from my religious leader,,Above average degree of social support (Given or potentially available from family and friends).,No,Group session,,Yes,No,Sometimes lack of time,Yes
114750363648.0,I Agree,Male,40-49 years,Managing Director's Office,Good,I’m just there,,Work/job related stressors,Emotional intelligence,Financial constraints,,Substance and Drug Dependence,,,Anxiety and Depression,,No,Yes,Not so often,Not so often,No,No,No,Yes,Few months ago,Few weeks ago,Most of the time,Few weeks ago,4 - 6,Good,Never,Once in a few weeks,I go to the pub and drink,,Above average degree of social support (Given or potentially available from family and friends).,No,Group session,,Yes,Yes,,No
114750169660.0,I Agree,Male,40-49 years,Ground Operations,Good,I am OK and coping well,,Work/job related stressors,Emotional intelligence,Financial constraints,,,,,,,No,No,Not at all,Not at all,No,No,No,Yes,Few days ago,Few weeks ago,Always,Few days ago,4 - 6,OK,Never,Never,I seek help from my religious leader,,Above average degree of social support (Given or potentially available from family and friends).,No,Pamphlets and nuggets,,No,,,Yes
114750151408.0,I Agree,Male,40-49 years,Ground Operations,Good,I am OK and coping well,,Work/job related stressors,Emotional intelligence,,,,,,Anxiety and Depression,,No,No,Not at all,Not at all,No,No,No,Yes,Few months ago,Few weeks ago,Most of the time,Few days ago,7 - 9,Good,Never,Never,I engage relatives and friends,,"Below average degree of social support (While some support is available, it's not consistently available).",No,Online,,Yes,Yes,,No
114750082975.0,I Agree,Male,40-49 years,Ground Operations,Excellent,I am OK and coping well,,Work/job related stressors,,,,,,,,,No,No,Not at all,Not at all,No,No,No,Yes,Few days ago,Few days ago,Most of the time,Few days ago,4 - 6,Good,Never,Once in a few weeks,I engage relatives and friends,,"High degree of social support (Much support is either given or is available, if needed, from family and friends).",No,Group session,,Yes,No,i have hade no mental problem to warrant it.,No
114750046856.0,I Agree,Male,25-39 years,Ground Operations,Very Good,I am OK and coping well,Ok,Work/job related stressors,Emotional intelligence,,,,,,,,Not Sure,Yes,Not at all,Not at all,No,No,No,Yes,Few weeks ago,Few days ago,Most of the time,I don't remember,7 - 9,OK,Never,Never,I keep my issues to myself,,No support or potential support is available from either family or friends,No,Pamphlets and nuggets,,Yes,No,No time,No
114749793187.0,I Agree,Female,40-49 years,Flight Operations,Very Good,I am OK and coping well,None for now,,,,Trauma,Substance and Drug Dependence,Relationship Difficulties,,,,No,No,Not at all,Not so often,No,No,No,Yes,Few days ago,Few days ago,Most of the time,Few days ago,7 - 9,Good,Never,Once in a few weeks,I engage relatives and friends,,"High degree of social support (Much support is either given or is available, if needed, from family and friends).",Yes,Pamphlets and nuggets,,Yes,No,Haven’t had the need,Yes
114749738856.0,I Agree,Male,25-39 years,Technical,Very Good,I am OK and coping well,,Work/job related stressors,Emotional intelligence,Financial constraints,,Substance and Drug Dependence,,,Anxiety and Depression,,No,Not Sure,Not so often,Not at all,No,No,No,Yes,Few weeks ago,Few months ago,About half the time,Few months ago,7 - 9,Good,Never,Once in a few weeks,,,,,,,,,,
114749737466.0,I Agree,Female,40-49 years,Technical,,,,,,,,,,,,,,,,,,,,,,,,,,,,,,,,,,,,,,
114749693065.0,I Agree,Male,40-49 years,Ground Operations,Good,I’m just there,Growth. I've stagnated!,Work/job related stressors,,,,,,,,,Not Sure,Yes,Not so often,Not at all,No,No,No,Yes,Few years ago,Few days ago,Most of the time,Few days ago,7 - 9,Good,Never,Never,I engage relatives and friends,,"High degree of social support (Much support is either given or is available, if needed, from family and friends).",No,One on One session,,Yes,No,Mine is purely on career growth. I just feel am not moving up the ladder like the rest of my very close colleagues. I've become a laughing stock because i joined KQ with a bachelor's degree 22yrs ago but appear to be fixed on this position,Yes
114749683212.0,I Agree,Male,25-39 years,Cargo,Good,I’m just there,,Work/job related stressors,Emotional intelligence,Financial constraints,Trauma,,,Unresolved Childhood Difficulties,,,Yes,Yes,Not so often,Somewhat often,No,No,No,No,Few days ago,Few days ago,Once in a while,Few weeks ago,4 - 6,Bad,Never,Once in a few weeks,I engage relatives and friends,,"Below average degree of social support (While some support is available, it's not consistently available).",No,Online,,No,,,Yes
114749628483.0,I Agree,Male,40-49 years,Ground Operations,Good,I’m just there,,,,Financial constraints,,,Relationship Difficulties,,,,Yes,Yes,Not at all,Somewhat often,No,Yes,No,Not Sure,Few years ago,Few years ago,Most of the time,Few days ago,7 - 9,Good,Never,Once in a few weeks,I seek help from my religious leader,,Average degree of social support from family and friends is given or potentially available.,Yes,One on One session,,Yes,Yes,,No
114749651373.0,I Agree,Male,40-49 years,Ground Operations,Very Good,I am OK and coping well,,Work/job related stressors,,,,,,,,,No,No,Not at all,Not at all,No,No,No,Yes,Few days ago,Few days ago,Always,Few days ago,7 - 9,Good,Never,Never,I seek help from my religious leader,,Average degree of social support from family and friends is given or potentially available.,No,Online,,Yes,Yes,,Yes
114749647046.0,I Agree,Male,40-49 years,Ground Operations,Good,I am OK and coping well,,Work/job related stressors,Emotional intelligence,Financial constraints,,,Relationship Difficulties,,,,Not Sure,No,Not so often,Not so often,No,No,No,No,Few days ago,Few days ago,Always,Few days ago,4 - 6,OK,Never,Once in a few weeks,I keep my issues to myself,,No support or potential support is available from either family or friends,No,Online,,Yes,,,
114749620389.0,I Agree,Male,25-39 years,Cargo,Very Good,I am OK and coping well,,Work/job related stressors,Emotional intelligence,,,,,,,,No,No,Not at all,Not at all,No,Yes,No,Yes,Few days ago,Few days ago,Always,I don't remember,7 - 9,Good,Never,Never,I seek help from a processional counselor,,Average degree of social support from family and friends is given or potentially available.,Yes,One on One session,,No,,,Yes
114749622518.0,I Agree,Male,40-49 years,Technical,Very Good,I am OK and coping well,,Work/job related stressors,Emotional intelligence,,,,,,,,No,No,Not at all,Not at all,No,No,No,Yes,Few days ago,Few days ago,Most of the time,Few days ago,4 - 6,Very Bad,Never,Never,I seek help from a processional counselor,,Above average degree of social support (Given or potentially available from family and friends).,Yes,Group session,,Yes,No,i havent encountered an issue that couldnt be addressed on my personal level,No
114749621218.0,I Agree,Male,40-49 years,Managing Director's Office,Good,I’m just there,stress management support,Work/job related stressors,Emotional intelligence,Financial constraints,,,Relationship Difficulties,,Anxiety and Depression,,Not Sure,Yes,Not so often,Somewhat often,No,No,No,Not Sure,Few years ago,I don't remember,Most of the time,Few weeks ago,7 - 9,OK,Never,Once in a few weeks,I engage relatives and friends,,Average degree of social support from family and friends is given or potentially available.,Yes,Online,,Yes,No,NOT SURE HOW TO GO ABOUT IT. ,Yes
114749622415.0,I Agree,Female,25-39 years,Ground Operations,,,,,,,,,,,,,,,,,,,,,,,,,,,,,,,,,,,,,,
114749611146.0,I Agree,Female,25-39 years,Ground Operations,Good,I’m just there,As  a single mother how to balance responsibilities,,Emotional intelligence,,,,,,,,Not Sure,Yes,Not so often,Not so often,No,No,No,No,Few days ago,Few weeks ago,Most of the time,Few weeks ago,4 - 6,Bad,Never,Once in a few weeks,I engage relatives and friends,,Average degree of social support from family and friends is given or potentially available.,Yes,Group session,,Yes,No,Iam a little hesitant to share everything to people iam unfamiliar with,No
114749565869.0,I Agree,Male,40-49 years,Flight Operations,Good,I am OK and coping well,Stress management,Work/job related stressors,,Financial constraints,,Substance and Drug Dependence,Relationship Difficulties,,Anxiety and Depression,,No,No,Not at all,Not at all,No,No,No,Yes,Few months ago,Few months ago,Most of the time,Few months ago,7 - 9,Good,Never,Once everyday,I engage relatives and friends,,Above average degree of social support (Given or potentially available from family and friends).,Yes,Online,,Yes,No,I have not had a serious case or problem warranting proper help from EAP.,No
114749532941.0,I Agree,Female,40-49 years,Human Resources,Good,I’m just there,,Work/job related stressors,,Financial constraints,,,,,,,No,Not Sure,Not so often,Not so often,No,No,No,Not Sure,I don't remember,Few weeks ago,Most of the time,Few weeks ago,4 - 6,OK,Never,Once in a few weeks,I keep my issues to myself,,Average degree of social support from family and friends is given or potentially available.,Yes,Pamphlets and nuggets,,Yes,No,,No
114749263117.0,I Agree,Male,40-49 years,Ground Operations,Very Good,I am OK and coping well,For now l feel lm ok,Work/job related stressors,Emotional intelligence,,,Substance and Drug Dependence,,,Anxiety and Depression,,No,Yes,Not so often,Not at all,No,No,No,Yes,Few days ago,Few days ago,Most of the time,Few days ago,7 - 9,Good,Never,Never,I seek help from a processional counselor,,Average degree of social support from family and friends is given or potentially available.,Yes,One on One session,,Yes,No,Most probably lve never had the very urgent need to access the service ,Yes
114748807299.0,I Agree,Male,25-39 years,Technical,Very Good,I am OK and coping well,,Work/job related stressors,Emotional intelligence,Financial constraints,Trauma,,,,Anxiety and Depression,,No,No,Not at all,Not at all,No,No,No,Yes,Few days ago,Few days ago,Always,Few days ago,7 - 9,Good,Never,Once in a few weeks,I engage relatives and friends,,"High degree of social support (Much support is either given or is available, if needed, from family and friends).",Yes,Online,,No,,,No
114748683450.0,I Agree,Female,25-39 years,Flight Operations,Very Good,I am OK and coping well,More knowledge to make me better ,Work/job related stressors,Emotional intelligence,,,Substance and Drug Dependence,,,Anxiety and Depression,,No,Yes,Not at all,Not at all,No,Yes,No,Yes,Few days ago,Few days ago,Most of the time,Few days ago,7 - 9,Very Good,Never,Never,I seek help from a processional counselor,,"High degree of social support (Much support is either given or is available, if needed, from family and friends).",No,One on One session,,Yes,No,I have used a different platform ,Yes
114748680891.0,I Agree,Male,25-39 years,Flight Operations,Very Good,I am OK and coping well,A mentor,Work/job related stressors,Emotional intelligence,Financial constraints,,Substance and Drug Dependence,,Unresolved Childhood Difficulties,Anxiety and Depression,,No,Not Sure,Not so often,Somewhat often,No,No,Not sure,Yes,Few months ago,Few months ago,About half the time,Few months ago,4 - 6,Good,Never,Once in a few weeks,I go to the pub and drink,,Average degree of social support from family and friends is given or potentially available.,No,One on One session,,No,,,
114748483083.0,I Agree,Male,25-39 years,Flight Operations,Very Good,I am OK and coping well,Anxiety ,Work/job related stressors,Emotional intelligence,,,,,,Anxiety and Depression,,No,No,Not at all,Not at all,No,Yes,No,Yes,Few days ago,Few days ago,Most of the time,Few days ago,4 - 6,Good,Never,Once everyday,I seek help from a processional counselor,,"High degree of social support (Much support is either given or is available, if needed, from family and friends).",No,Pamphlets and nuggets,,Yes,No,"Confidentiality, consequences that may occur.",No
114748230273.0,I Agree,Male,40-49 years,Commercial,Very Good,I am OK and coping well,,Work/job related stressors,Emotional intelligence,Financial constraints,,,,,,,Not Sure,No,Not at all,Not at all,No,No,Not sure,Yes,Few days ago,Few days ago,Most of the time,Few days ago,4 - 6,Not Sure,Never,Once in a few weeks,I engage relatives and friends,,Average degree of social support from family and friends is given or potentially available.,Yes,One on One session,,Yes,No,I have never been in a situation where I felt the need,No
114748216293.0,I Agree,Male,25-39 years,Ground Operations,Excellent,I am OK and coping well,,Work/job related stressors,Emotional intelligence,Financial constraints,,,,,,,No,No,Not at all,Not at all,No,No,No,No,Few days ago,Few days ago,Always,Few days ago,7 - 9,Very Good,Never,Never,I engage relatives and friends,,"High degree of social support (Much support is either given or is available, if needed, from family and friends).",Yes,Group session,,Yes,Yes,,No
114748184167.0,I Agree,Female,40-49 years,Ground Operations,Good,I’m just there,,Work/job related stressors,Emotional intelligence,Financial constraints,,,,Unresolved Childhood Difficulties,Anxiety and Depression,,Not Sure,Yes,Not so often,Not so often,No,Yes,No,Yes,I don't remember,I don't remember,Once in a while,I don't remember,7 - 9,OK,Never,Never,I keep my issues to myself,,"Below average degree of social support (While some support is available, it's not consistently available).",Yes,One on One session,,Yes,No,Time-,No
114748060183.0,I Agree,Male,25-39 years,Cargo,Poor,I am not OK,Counselling ,Work/job related stressors,Emotional intelligence,Financial constraints,Trauma,Substance and Drug Dependence,Relationship Difficulties,,Anxiety and Depression,Loss of loved one,Yes,Yes,Somewhat often,Somewhat often,No,No,No,No,Few months ago,Few months ago,Once in a while,Few months ago,4 - 6,Bad,Once everyday,Once everyday,I go to the pub and drink,,"Below average degree of social support (While some support is available, it's not consistently available).",No,Online,,Yes,No,Did not know they offer counselling services.,Yes
114747651922.0,I Agree,Female,50+ years,Finance,Very Good,I am OK and coping well,.,,Emotional intelligence,,,,,Unresolved Childhood Difficulties,,,No,No,Not at all,Not so often,No,No,No,Yes,Few days ago,Few days ago,Most of the time,Few days ago,7 - 9,Very Good,Never,Never,I seek help from my religious leader,,"High degree of social support (Much support is either given or is available, if needed, from family and friends).",Yes,Online,,Yes,No,So far there has been no issue requiring assistance,No
114747634438.0,I Agree,Male,40-49 years,Ground Operations,Fair,I need support,Monetary ,,,Financial constraints,,,,,,,Yes,Not Sure,Not so often,Not so often,No,No,No,Not Sure,I don't remember,I don't remember,Once in a while,I don't remember,4 - 6,Bad,Never,Never,I seek help from my religious leader,,No support or potential support is available from either family or friends,No,One on One session,,Yes,No,Never given opportunity ,Yes
114747613927.0,I Agree,Male,25-39 years,Technical,Good,I’m just there,..,,Emotional intelligence,Financial constraints,,,,,Anxiety and Depression,,Yes,No,Not at all,Not at all,No,No,No,Yes,I don't remember,I don't remember,Most of the time,I don't remember,7 - 9,OK,Never,Never,I keep my issues to myself,,No support or potential support is available from either family or friends,No,One on One session,,No,,,Yes
114747513310.0,I Agree,Female,40-49 years,Ground Operations,Fair,I’m just there,Anger management ,Work/job related stressors,Emotional intelligence,,Trauma,,,,,,Yes,Yes,Not so often,Somewhat often,No,Yes,No,Yes,Few weeks ago,Few weeks ago,Once in a while,Few months ago,4 - 6,Bad,Never,Never,I seek help from a processional counselor,,Average degree of social support from family and friends is given or potentially available.,Yes,Group session,,Yes,Yes,,Yes
114747514369.0,I Agree,Female,40-49 years,Human Resources,Fair,I’m just there,Professional Counselling ,Work/job related stressors,,Financial constraints,,,,,,Career growth,Not Sure,Yes,Not so often,Not so often,No,No,Yes,Not Sure,Few months ago,Few days ago,Most of the time,Few days ago,7 - 9,OK,Never,Once in a few weeks,I keep my issues to myself,I engage my mom or sister or husband,Average degree of social support from family and friends is given or potentially available.,Yes,One on One session,,Yes,No,Time constraints and confidentiality,Yes
114747495461.0,I Agree,Female,25-39 years,Flight Operations,Excellent,I am OK and coping well,,Work/job related stressors,Emotional intelligence,Financial constraints,,,,Unresolved Childhood Difficulties,,,Yes,Yes,Not at all,Not so often,No,No,No,Yes,Few days ago,Few days ago,Most of the time,Few days ago,4 - 6,Bad,Never,Never,I engage relatives and friends,,Above average degree of social support (Given or potentially available from family and friends).,No,One on One session,,Yes,No,I’m not sure how exactly to go about it ,No
114747450500.0,I Agree,Male,25-39 years,Ground Operations,Excellent,I am OK and coping well,,Work/job related stressors,,Financial constraints,,Substance and Drug Dependence,,,Anxiety and Depression,,No,Yes,Not so often,Not so often,No,No,No,Not Sure,Few days ago,Few days ago,Once in a while,Few months ago,4 - 6,OK,Never,Once in a few weeks,I engage relatives and friends,,Average degree of social support from family and friends is given or potentially available.,Yes,Group session,,Yes,No,I AM ALL FINE AND OCCUPATIONALLY INTERMS OF JOB I CARRY OUT WITHOUT BEING STRESSED.,No
114747449798.0,I Agree,Female,25-39 years,Flight Operations,Fair,I’m just there,,Work/job related stressors,Emotional intelligence,Financial constraints,,,Relationship Difficulties,Unresolved Childhood Difficulties,,,Not Sure,Yes,Somewhat often,Very often,No,Yes,Not sure,Not Sure,Few months ago,I don't remember,Never,Few months ago,4 - 6,OK,Never,Never,I keep my issues to myself,,"Below average degree of social support (While some support is available, it's not consistently available).",No,Online,,Yes,No,na,No
114747442512.0,I Agree,Female,40-49 years,Ground Operations,Good,I am OK and coping well,,Work/job related stressors,Emotional intelligence,Financial constraints,,,Relationship Difficulties,,Anxiety and Depression,,Yes,Yes,Not so often,Not so often,No,No,No,Yes,Few days ago,I don't remember,Once in a while,Few days ago,4 - 6,Not Sure,Never,Never,I keep my issues to myself,,"Below average degree of social support (While some support is available, it's not consistently available).",Yes,One on One session,,Yes,No,never felt the need to,No
114747425280.0,I Agree,Male,50+ years,Ground Operations,,,,,,,,,,,,,,,,,,,,,,,,,,,,,,,,,,,,,,
114747411935.0,I Agree,Male,40-49 years,Commercial,Good,I am OK and coping well,,Work/job related stressors,,,,,,,,,No,No,Not at all,Not at all,No,No,No,Yes,Few days ago,Few days ago,Most of the time,Few days ago,7 - 9,Very Good,Never,Never,I engage relatives and friends,,Above average degree of social support (Given or potentially available from family and friends).,Yes,Online,,Yes,No,,No
114747412608.0,I Agree,Female,40-49 years,Commercial,Very Good,I am OK and coping well,,Work/job related stressors,,Financial constraints,,,,,Anxiety and Depression,,No,No,Not at all,Not at all,No,No,No,No,Few months ago,Few months ago,Always,Few days ago,7 - 9,Good,Never,Never,I seek for available options online,,Average degree of social support from family and friends is given or potentially available.,Yes,Online,,No,,,No
114747404811.0,I Agree,Female,40-49 years,Ground Operations,Very Good,I am OK and coping well,,Work/job related stressors,,,,,,,,,No,No,Not so often,Not at all,No,No,No,Yes,Few months ago,Few months ago,Most of the time,Few months ago,4 - 6,Good,Never,Never,I engage relatives and friends,Reading the Quran,"High degree of social support (Much support is either given or is available, if needed, from family and friends).",Yes,Online,,Yes,No,Not needed but will definitely attend when need be,No
114747400017.0,I Agree,Female,25-39 years,Technical,,,,,,,,,,,,,,,,,,,,,,,,,,,,,,,,,,,,,,
114747383550.0,I Agree,Female,25-39 years,Managing Director's Office,,,,,,,,,,,,,,,,,,,,,,,,,,,,,,,,,,,,,,
114747356743.0,I Agree,Male,40-49 years,Flight Operations,Very Good,I am OK and coping well,,Work/job related stressors,Emotional intelligence,Financial constraints,,,,,Anxiety and Depression,,No,No,Not so often,Not so often,No,No,Yes,No,Few weeks ago,Few months ago,Once in a while,Few weeks ago,4 - 6,Bad,Never,Never,I keep my issues to myself,,"Below average degree of social support (While some support is available, it's not consistently available).",No,Online,,Yes,No,,No
114747342111.0,I Agree,Female,18-24 years,Flight Operations,,,,,,,,,,,,,,,,,,,,,,,,,,,,,,,,,,,,,,
114747330292.0,I Agree,Female,25-39 years,Managing Director's Office,Good,I am OK and coping well,,Work/job related stressors,Emotional intelligence,Financial constraints,,,Relationship Difficulties,Unresolved Childhood Difficulties,Anxiety and Depression,,No,No,Not at all,Not so often,No,No,Not sure,Yes,Few days ago,Few days ago,Always,Few days ago,7 - 9,OK,Never,Never,I engage relatives and friends,,"High degree of social support (Much support is either given or is available, if needed, from family and friends).",No,Online,,No,,,No
114747331364.0,I Agree,Female,25-39 years,Human Resources,Good,I am not OK,"mental suport, therapy",,,,Trauma,,Relationship Difficulties,,,,Not Sure,Yes,Not so often,Not so often,No,No,No,No,Few years ago,Few years ago,Once in a while,Few years ago,4 - 6,OK,Never,Never,I engage relatives and friends,,"High degree of social support (Much support is either given or is available, if needed, from family and friends).",Yes,One on One session,,No,,,Yes
114747325437.0,I Agree,Female,25-39 years,Finance,Good,I am OK and coping well,,Work/job related stressors,Emotional intelligence,,,,,Unresolved Childhood Difficulties,Anxiety and Depression,,No,Yes,Not so often,Not so often,No,Yes,Not sure,No,Few days ago,I don't remember,Most of the time,Few weeks ago,4 - 6,OK,Never,Never,I engage relatives and friends,,Average degree of social support from family and friends is given or potentially available.,Yes,Online,,Yes,Yes,,No
114747322472.0,I Agree,Female,50+ years,Human Resources,Very Good,I am OK and coping well,NO,Work/job related stressors,Emotional intelligence,Financial constraints,Trauma,,Relationship Difficulties,Unresolved Childhood Difficulties,Anxiety and Depression,,No,Yes,Not so often,Not so often,No,No,No,Yes,Few days ago,Few days ago,Most of the time,Few days ago,4 - 6,Good,Never,Never,I engage relatives and friends,,"High degree of social support (Much support is either given or is available, if needed, from family and friends).",Yes,Group session,,Yes,No,No need,No
114747314994.0,I Agree,Female,40-49 years,Flight Operations,Good,I am OK and coping well,,,,,Trauma,,,,Anxiety and Depression,,Yes,Yes,Not so often,Somewhat often,No,Yes,No,No,Few months ago,Few months ago,About half the time,Few months ago,4 - 6,Bad,Never,Never,I keep my issues to myself,,Above average degree of social support (Given or potentially available from family and friends).,Yes,Pamphlets and nuggets,,Yes,,,
114746802845.0,I Agree,Male,25-39 years,Information Technology,Fair,I’m just there,,Work/job related stressors,,,,,,,Anxiety and Depression,,Yes,Yes,Not so often,Not so often,No,No,No,Not Sure,Few years ago,Few weeks ago,Most of the time,Few days ago,7 - 9,Good,Never,Never,,,,,,,,,,
114747307103.0,I Agree,Male,25-39 years,Finance,,,,,,,,,,,,,,,,,,,,,,,,,,,,,,,,,,,,,,
114747289245.0,I Agree,Male,40-49 years,Technical,Good,I’m just there,I'm currently on counselling support,,Emotional intelligence,,,,Relationship Difficulties,,,,No,No,Not so often,Not so often,No,Yes,No,Not Sure,Few months ago,Few months ago,Most of the time,Few days ago,4 - 6,Good,Never,Once in a few weeks,I keep my issues to myself,,Above average degree of social support (Given or potentially available from family and friends).,Yes,Online,,Yes,Yes,,No
114747265801.0,I Agree,Female,40-49 years,Ground Operations,Good,I’m just there,,,,Financial constraints,,,,Unresolved Childhood Difficulties,,,No,Not Sure,Not so often,Somewhat often,No,No,No,Yes,Few weeks ago,Few weeks ago,About half the time,Few days ago,4 - 6,Good,Never,Never,I engage relatives and friends,,Above average degree of social support (Given or potentially available from family and friends).,Yes,Online,,Yes,No,"I once signed up to see a counsellor but i freaked out, i didnt think i could trust them.",No
114747242652.0,I Agree,Female,40-49 years,Human Resources,Fair,I’m just there,,Work/job related stressors,,,Trauma,,,,Anxiety and Depression,,Yes,Yes,Somewhat often,Not so often,No,Yes,No,Yes,Few days ago,Few days ago,Always,Few days ago,7 - 9,Good,Never,Once in a few weeks,I engage relatives and friends,,"High degree of social support (Much support is either given or is available, if needed, from family and friends).",Yes,Online,,Yes,Yes,,Yes
114747241003.0,I Agree,Male,40-49 years,Flight Operations,Excellent,I am OK and coping well,N/a,,,Financial constraints,,,,,,,No,No,Not at all,Not so often,No,No,Not sure,Yes,Few days ago,Few days ago,Always,Few days ago,7 - 9,Good,Never,Once everyday,I go to the pub and drink,And talk to friends while drinking,Average degree of social support from family and friends is given or potentially available.,No,Online,,Yes,No,No need ,No
114747241243.0,I Agree,Male,50+ years,Technical,Good,I am OK and coping well,no need,Work/job related stressors,,,,,,,,,No,No,Not at all,Not at all,No,No,No,Yes,Few years ago,Few years ago,Once in a while,Few years ago,4 - 6,Good,Never,Once in a few weeks,,,,,,,,,,
114747210221.0,I Agree,Male,50+ years,Ground Operations,Very Good,I am OK and coping well,,Work/job related stressors,Emotional intelligence,Financial constraints,Trauma,Substance and Drug Dependence,Relationship Difficulties,Unresolved Childhood Difficulties,Anxiety and Depression,,No,Yes,Not at all,Not at all,No,No,No,Yes,Few days ago,Few days ago,Most of the time,Few days ago,7 - 9,Very Good,Never,Never,I keep my issues to myself,,"High degree of social support (Much support is either given or is available, if needed, from family and friends).",Yes,Online,,Yes,No,NOT NEEDED AT THE MOMENT,No
114747154110.0,I Agree,Female,25-39 years,Technical,Fair,I am not OK,,Work/job related stressors,,Financial constraints,,,,,,specifically stressful supervisor who is not understanding and never cares about one's need and chalengess,Yes,Yes,Somewhat often,Somewhat often,Not Sure,No,Not sure,Yes,Few weeks ago,Few months ago,Most of the time,Few years ago,4 - 6,Good,Never,Never,I engage relatives and friends,I talk to my spouse,Above average degree of social support (Given or potentially available from family and friends).,Yes,One on One session,,Yes,No,Time,Yes
114747088756.0,I Agree,Male,25-39 years,Ground Operations,,,,,,,,,,,,,,,,,,,,,,,,,,,,,,,,,,,,,,
114746950166.0,I Agree,Male,25-39 years,Flight Operations,Good,I’m just there,,,Emotional intelligence,,Trauma,,,,,,Not Sure,No,Not at all,Not so often,No,No,No,Yes,Few days ago,Few days ago,Most of the time,Few days ago,4 - 6,OK,Never,Once in a few weeks,I keep my issues to myself,,Average degree of social support from family and friends is given or potentially available.,No,One on One session,,Yes,No,I haven't considered  ,Yes
114746933332.0,I Agree,Male,25-39 years,Technical,Excellent,I am OK and coping well,,Work/job related stressors,Emotional intelligence,,,,,,,,No,No,Not at all,Not at all,No,No,No,Yes,Few days ago,Few days ago,Always,Few days ago,7 - 9,Good,Never,Once in a few weeks,I engage relatives and friends,,Above average degree of social support (Given or potentially available from family and friends).,Yes,Online,,Yes,No,no neeed,No
114746886575.0,I Agree,Male,25-39 years,Technical,Good,I am OK and coping well,,Work/job related stressors,Emotional intelligence,Financial constraints,,,,,Anxiety and Depression,,No,No,Not so often,Not so often,No,No,No,Yes,Few days ago,Few days ago,Most of the time,Few days ago,4 - 6,Good,Never,Never,I engage relatives and friends,,Average degree of social support from family and friends is given or potentially available.,No,Group session,,No,,,Yes
114746878671.0,I Agree,Male,50+ years,Cargo,Good,I am OK and coping well,,Work/job related stressors,,,,,,,,,No,No,Not at all,Not at all,No,No,No,Yes,Few days ago,Few days ago,Always,Few days ago,7 - 9,OK,Never,Never,I engage relatives and friends,,Above average degree of social support (Given or potentially available from family and friends).,No,Online,,Yes,No,i had no problem in my state of mental issues,No
114746860294.0,I Agree,Female,40-49 years,Finance,Fair,I’m just there,,Work/job related stressors,,Financial constraints,,,,,Anxiety and Depression,,Yes,Yes,Somewhat often,Not so often,No,No,No,No,Few days ago,Few days ago,Once in a while,Few weeks ago,7 - 9,OK,Never,Once in a few weeks,I keep my issues to myself,,Average degree of social support from family and friends is given or potentially available.,Yes,Online,,Yes,No,,No
114746857247.0,I Agree,Female,40-49 years,Flight Operations,Good,I am OK and coping well,,Work/job related stressors,Emotional intelligence,Financial constraints,Trauma,Substance and Drug Dependence,Relationship Difficulties,Unresolved Childhood Difficulties,Anxiety and Depression,,No,Yes,Not so often,Not so often,No,No,No,Not Sure,Few months ago,Few days ago,Most of the time,Few days ago,7 - 9,Very Good,Never,Never,I seek help from my religious leader,,"High degree of social support (Much support is either given or is available, if needed, from family and friends).",No,Group session,,Yes,No,Did not need the support,No
114746845413.0,I Agree,Female,25-39 years,Flight Operations,Good,I’m just there,,Work/job related stressors,Emotional intelligence,,Trauma,,,,Anxiety and Depression,,Not Sure,Yes,Somewhat often,Very often,No,No,No,No,I don't remember,I don't remember,Once in a while,Few months ago,7 - 9,OK,Never,Once in a few weeks,I keep my issues to myself,,No support or potential support is available from either family or friends,No,Online,,No,,,Yes
114746832584.0,I Agree,Male,40-49 years,Technical,,,,,,,,,,,,,,,,,,,,,,,,,,,,,,,,,,,,,,
114746822074.0,I Agree,Male,25-39 years,Finance,Excellent,I am OK and coping well,,Work/job related stressors,Emotional intelligence,Financial constraints,,,Relationship Difficulties,,,,Yes,Yes,Very often,Very often,No,Yes,No,Yes,Few years ago,Few years ago,Once in a while,Few years ago,4 - 6,Very Bad,Never,Never,I keep my issues to myself,,No support or potential support is available from either family or friends,Yes,One on One session,,Yes,Yes,,Yes
114746812250.0,I Agree,Male,40-49 years,Finance,Good,I am OK and coping well,,Work/job related stressors,Emotional intelligence,Financial constraints,,,,,Anxiety and Depression,,No,No,Not at all,Not at all,No,No,No,Yes,Few days ago,Few days ago,Most of the time,Few days ago,7 - 9,Good,Never,Once in a few weeks,I engage relatives and friends,,"High degree of social support (Much support is either given or is available, if needed, from family and friends).",Yes,Online,,Yes,No,No need,No
114746810282.0,I Agree,Female,40-49 years,Commercial,,,,,,,,,,,,,,,,,,,,,,,,,,,,,,,,,,,,,,
114746799658.0,I Agree,Male,25-39 years,Technical,Excellent,I am OK and coping well,,Work/job related stressors,Emotional intelligence,,,,,,Anxiety and Depression,,Not Sure,No,Not at all,Not at all,No,No,No,No,Few days ago,Few days ago,Always,Few days ago,7 - 9,Good,Never,Once in a few weeks,I engage relatives and friends,,"Below average degree of social support (While some support is available, it's not consistently available).",No,Online,,Yes,No,Work,No
114746785852.0,I Agree,Female,25-39 years,Technical,Good,I am OK and coping well,,,,,,,Relationship Difficulties,Unresolved Childhood Difficulties,,,Not Sure,No,Not at all,Somewhat often,No,No,No,Not Sure,Few weeks ago,Few days ago,Most of the time,Few days ago,4 - 6,Good,Never,Never,I keep my issues to myself,,"Below average degree of social support (While some support is available, it's not consistently available).",No,One on One session,,Yes,No,I HAVE ALWAYS BELIEVED IN SELF RELIANCE ON SOLVING MENTAL ISSUES,No
114746784927.0,I Agree,Male,40-49 years,Ground Operations,Excellent,I am OK and coping well,,Work/job related stressors,Emotional intelligence,Financial constraints,,,,,,,No,No,Not at all,Not at all,No,No,No,Yes,Few days ago,Few days ago,Most of the time,Few days ago,4 - 6,Good,Never,Never,I seek for available options online,,"High degree of social support (Much support is either given or is available, if needed, from family and friends).",No,One on One session,,Yes,No,Not a priority ,Yes
114746783177.0,I Agree,Female,25-39 years,Technical,Very Good,I am OK and coping well,Leave days adherence,Work/job related stressors,,,,,,,,,No,No,Not at all,Not so often,No,No,No,Yes,Few days ago,Few days ago,Always,Few days ago,7 - 9,OK,Never,Never,I engage relatives and friends,Talk it out with my spouse,Average degree of social support from family and friends is given or potentially available.,Yes,Online,,Yes,No,I do not think it has escalated to that point,No
114746735041.0,I Agree,Male,40-49 years,Cargo,Very Good,I am OK and coping well,,Work/job related stressors,,Financial constraints,,Substance and Drug Dependence,Relationship Difficulties,,,,No,No,Not at all,Not at all,No,No,No,Yes,Few days ago,Few days ago,Always,Few years ago,7 - 9,Good,Never,Never,I engage relatives and friends,,Average degree of social support from family and friends is given or potentially available.,No,Group session,,Yes,No,I HAVE NEVER HAD AN  ISSUE WHICH REQUIRES THAT SERVICE,Yes
114746736812.0,I Agree,Male,40-49 years,Human Resources,Excellent,I’m just there,"Our shift pattern should be looked into by the safety office, its introducing pressure into our lives coz its not predictable. Poor shift compensation",Work/job related stressors,,Financial constraints,,,,,Anxiety and Depression,irregular shift patterns,Not Sure,Yes,Not at all,Somewhat often,No,No,No,Yes,I don't remember,Few years ago,Once in a while,Few days ago,4 - 6,OK,Never,Never,I seek for available options online,,"Below average degree of social support (While some support is available, it's not consistently available).",Yes,Online,,Yes,No,"The explanation i have received relating to it is that, its primarily for those soaked in alcohol related addictions/issues",No
114746781533.0,I Agree,Female,25-39 years,Commercial,Good,I’m just there,,Work/job related stressors,,Financial constraints,,,Relationship Difficulties,,Anxiety and Depression,,Not Sure,Yes,Not so often,Not so often,No,No,No,Yes,Few days ago,I don't remember,About half the time,Few days ago,4 - 6,Good,Never,Once in a few weeks,,,,,,,,,,
114746780644.0,I Agree,Male,25-39 years,Flight Operations,Very Good,I am OK and coping well,,Work/job related stressors,Emotional intelligence,Financial constraints,,Substance and Drug Dependence,Relationship Difficulties,,Anxiety and Depression,,No,Yes,Not at all,Not so often,No,No,No,Yes,Few weeks ago,Few days ago,Most of the time,Few days ago,4 - 6,OK,Never,Once in a few weeks,I keep my issues to myself,,Average degree of social support from family and friends is given or potentially available.,No,One on One session,,Yes,No,No guarantee of true privacy,No
114746771697.0,I Agree,Male,40-49 years,Information Technology,Very Good,I am OK and coping well,,Work/job related stressors,,,,,,,,,Not Sure,Yes,Not at all,Not at all,No,No,No,Yes,Few weeks ago,Few weeks ago,Once in a while,Few weeks ago,,,,,,,,,,,,,,
114746772922.0,I Agree,Female,40-49 years,Technical,Very Good,I am OK and coping well,,Work/job related stressors,,Financial constraints,,Substance and Drug Dependence,Relationship Difficulties,,,"ON A SERIOUS NOTE,TACKLE CHILDLESSNESS.",No,No,Not at all,Not so often,No,No,No,Yes,Few days ago,Few days ago,Most of the time,Few days ago,4 - 6,Very Good,Never,Never,I seek help from my religious leader,,Above average degree of social support (Given or potentially available from family and friends).,Yes,One on One session,THESE ENABLES SOMEONE TO OPEN UP,Yes,No,NO PROPER INFORMATION,No
114746773170.0,I Agree,Female,25-39 years,Ground Operations,,,,,,,,,,,,,,,,,,,,,,,,,,,,,,,,,,,,,,
114746762523.0,I Agree,Male,25-39 years,Ground Operations,Good,I’m just there,PSYCHOLOGIGAL AWARENESS GUIDANCE AND PROFESSIONAL GUIDANCE,Work/job related stressors,,Financial constraints,,,Relationship Difficulties,,Anxiety and Depression,,Yes,Yes,Not so often,Very often,No,No,No,No,Few months ago,Few weeks ago,Once in a while,Few months ago,4 - 6,OK,Never,Once in a few weeks,I seek for available options online,"Further keeping my self engaged in activities like hiking,cycling or walking","Below average degree of social support (While some support is available, it's not consistently available).",No,Online,,Yes,No,The lack of trust on the confidentiality of the process.,No
114746771429.0,I Agree,Female,25-39 years,Technical,,,,,,,,,,,,,,,,,,,,,,,,,,,,,,,,,,,,,,
114746771318.0,I Agree,Male,25-39 years,Information Technology,,,,,,,,,,,,,,,,,,,,,,,,,,,,,,,,,,,,,,
114746731975.0,I Agree,Male,25-39 years,Commercial,Good,I am OK and coping well,,Work/job related stressors,,Financial constraints,,,Relationship Difficulties,,,How to deal with the loss of a loved one,No,Yes,Not so often,Somewhat often,No,Yes,No,Yes,Few years ago,Few years ago,Most of the time,Few months ago,7 - 9,OK,Never,Never,I keep my issues to myself,"It depends on the issues, some i keep to myself, others a can engage my spouse",Average degree of social support from family and friends is given or potentially available.,Yes,Group session,,Yes,Yes,,No
114746761064.0,I Agree,Male,40-49 years,Ground Operations,Good,I am OK and coping well,no,Work/job related stressors,,,,,,,Anxiety and Depression,,Not Sure,Yes,Not so often,Not so often,No,No,No,Yes,Few months ago,Few weeks ago,About half the time,Few days ago,7 - 9,OK,Never,Never,I keep my issues to myself,,"High degree of social support (Much support is either given or is available, if needed, from family and friends).",No,Online,,No,,,Yes
114746762345.0,I Agree,Male,50+ years,Human Resources,Very Good,I am OK and coping well,,Work/job related stressors,Emotional intelligence,Financial constraints,,Substance and Drug Dependence,Relationship Difficulties,,,,No,No,Not at all,Not at all,No,No,No,No,Few weeks ago,Few months ago,Most of the time,Few weeks ago,4 - 6,Bad,Never,Once in a few weeks,I keep my issues to myself,,"Below average degree of social support (While some support is available, it's not consistently available).",No,One on One session,,Yes,No,,Yes
114746763276.0,I Agree,Female,25-39 years,Flight Operations,Good,I am OK and coping well,,Work/job related stressors,Emotional intelligence,,,Substance and Drug Dependence,,Unresolved Childhood Difficulties,Anxiety and Depression,,No,No,Not at all,Not at all,No,No,No,Not Sure,Few days ago,Few days ago,Always,Few days ago,7 - 9,Bad,Never,Once in a few weeks,I keep my issues to myself,,Average degree of social support from family and friends is given or potentially available.,No,Online,,Yes,No,Never had a mental health problem ,No
114746759464.0,I Agree,Male,40-49 years,Technical,Good,I am OK and coping well,Positivity,Work/job related stressors,,Financial constraints,,,,,Anxiety and Depression,,Not Sure,Not Sure,Not so often,Not at all,No,No,Not sure,Yes,Few months ago,Few months ago,Once in a while,Few months ago,7 - 9,OK,Never,Once in a few weeks,I engage relatives and friends,I get a dis-tractor,Average degree of social support from family and friends is given or potentially available.,Yes,Group session,,Yes,No,Never had the reason to.,Yes
114746744150.0,I Agree,Female,25-39 years,Technical,Fair,I am OK and coping well,,,Emotional intelligence,,,,,,,,No,No,Not so often,Not so often,No,No,No,No,Few days ago,Few days ago,About half the time,Few days ago,7 - 9,Good,Never,Once in a few weeks,I engage relatives and friends,,"Below average degree of social support (While some support is available, it's not consistently available).",Yes,Group session,,Yes,No,no reason to seek help,No
114746760293.0,I Agree,Female,40-49 years,Flight Operations,Good,I am OK and coping well,,Work/job related stressors,,,,,,,,,Yes,Not Sure,Not at all,Not at all,No,No,No,Yes,Few days ago,Few days ago,Most of the time,Few days ago,7 - 9,Good,Never,Never,I engage relatives and friends,None so far,"High degree of social support (Much support is either given or is available, if needed, from family and friends).",No,Group session,,Yes,,,
114746755599.0,I Agree,Female,25-39 years,Managing Director's Office,Excellent,I am OK and coping well,,Work/job related stressors,Emotional intelligence,,,,,,,,No,No,Not so often,Not at all,No,No,No,Yes,Few days ago,Few days ago,Most of the time,Few weeks ago,4 - 6,Good,Never,Never,I keep my issues to myself,,Average degree of social support from family and friends is given or potentially available.,No,Online,,No,,,No
114746751436.0,I Agree,Female,25-39 years,Ground Operations,Fair,I’m just there,,,,Financial constraints,,,,Unresolved Childhood Difficulties,,,No,Yes,Not so often,Somewhat often,No,No,Not sure,Yes,I don't remember,Few years ago,Once in a while,Few months ago,7 - 9,Not Sure,Never,Once in a few weeks,I keep my issues to myself,,"Below average degree of social support (While some support is available, it's not consistently available).",No,Online,,Yes,No,Knew about it recently ,Yes
114746752064.0,I Agree,Male,40-49 years,Human Resources,Excellent,I am OK and coping well,,,,Financial constraints,,,,,,,No,No,Not at all,Not at all,No,No,No,Yes,Few days ago,Few days ago,Most of the time,Few weeks ago,4 - 6,OK,Never,Never,I keep my issues to myself,,Above average degree of social support (Given or potentially available from family and friends).,Yes,One on One session,,Yes,Yes,,Yes
114746754558.0,I Agree,Female,40-49 years,Ground Operations,Good,I am OK and coping well,,Work/job related stressors,Emotional intelligence,Financial constraints,,,,Unresolved Childhood Difficulties,Anxiety and Depression,,No,No,Not so often,Not so often,No,No,No,Yes,Few days ago,Few days ago,Most of the time,Few days ago,7 - 9,OK,Never,Once in a few weeks,I seek help from my religious leader,,"Below average degree of social support (While some support is available, it's not consistently available).",No,One on One session,,Yes,No,Honestly i have never seen the need,Yes
114746750129.0,I Agree,Female,25-39 years,Ground Operations,Very Good,I am OK and coping well,,,,,,,,,,address people leaving with chronic illness,No,No,Not at all,Not at all,No,No,No,Yes,Few days ago,Few days ago,Always,Few days ago,7 - 9,Good,Never,Never,I engage relatives and friends,,"High degree of social support (Much support is either given or is available, if needed, from family and friends).",Yes,Online,,Yes,No,,No
114746756017.0,I Agree,Female,25-39 years,Commercial,,,,,,,,,,,,,,,,,,,,,,,,,,,,,,,,,,,,,,
114746746591.0,I Agree,Male,40-49 years,Technical,Fair,I am not OK,,,,,,Substance and Drug Dependence,,,,,No,Not Sure,Not so often,Not at all,No,No,Yes,Not Sure,Few months ago,Few days ago,Once in a while,Few months ago,9+,Very Good,Never,Once everyday,I keep my issues to myself,,No support or potential support is available from either family or friends,Yes,Group session,,No,,,No
114746749955.0,I Agree,Female,40-49 years,"Legal, Risk and Compliance",Very Good,I’m just there,,Work/job related stressors,Emotional intelligence,,,,,,,,Not Sure,Yes,Somewhat often,Not so often,No,Yes,No,Yes,I don't remember,I don't remember,Once in a while,I don't remember,4 - 6,OK,Never,Once in a few weeks,I seek for available options online,,Average degree of social support from family and friends is given or potentially available.,Yes,One on One session,,Yes,Yes,,No
114746747545.0,I Agree,Female,40-49 years,Managing Director's Office,Good,I’m just there,,Work/job related stressors,Emotional intelligence,Financial constraints,Trauma,Substance and Drug Dependence,Relationship Difficulties,Unresolved Childhood Difficulties,Anxiety and Depression,,Not Sure,Yes,Somewhat often,Somewhat often,No,No,No,Not Sure,Few weeks ago,Few days ago,Once in a while,Few weeks ago,7 - 9,Good,Never,Once in a few weeks,I keep my issues to myself,i sleep,Average degree of social support from family and friends is given or potentially available.,No,One on One session,,Yes,No,Non,No
114746737566.0,I Agree,Female,25-39 years,Commercial,Fair,I’m just there,,Work/job related stressors,,Financial constraints,,,,,,,Not Sure,Yes,Not so often,Somewhat often,No,Yes,No,Not Sure,Few months ago,Few days ago,Once in a while,Few months ago,7 - 9,OK,Never,Once in a few weeks,I engage relatives and friends,,"Below average degree of social support (While some support is available, it's not consistently available).",Yes,Online,,Yes,Yes,,No
114746743647.0,I Agree,Female,40-49 years,Commercial,Good,I’m just there,Hostile environment- Job rotation may help,Work/job related stressors,Emotional intelligence,,,,,,,,No,Yes,Not so often,Not so often,No,No,No,Yes,Few days ago,Few weeks ago,Most of the time,Few months ago,4 - 6,Good,Never,Once in a few weeks,I engage relatives and friends,,"High degree of social support (Much support is either given or is available, if needed, from family and friends).",Yes,Group session,,Yes,No,I think i can handle my issues. I haven't reached the level to that need assistance.,No
114746750241.0,I Agree,Male,50+ years,Managing Director's Office,,,,,,,,,,,,,,,,,,,,,,,,,,,,,,,,,,,,,,
114746746512.0,I Agree,Female,40-49 years,Human Resources,Very Good,I’m just there,,Work/job related stressors,,,,,,,,,No,No,Not so often,Not so often,No,Yes,Yes,Yes,Few months ago,Few months ago,Once in a while,Few months ago,4 - 6,OK,Never,Never,I engage relatives and friends,,Average degree of social support from family and friends is given or potentially available.,Yes,Group session,,Yes,Yes,,No
114746740842.0,I Agree,Male,25-39 years,Flight Operations,Good,I am OK and coping well,nil,Work/job related stressors,,Financial constraints,,,Relationship Difficulties,,,,No,No,Not at all,Somewhat often,No,No,No,Not Sure,Few days ago,Few days ago,Always,Few days ago,4 - 6,Very Good,Never,Never,I keep my issues to myself,,"High degree of social support (Much support is either given or is available, if needed, from family and friends).",Yes,One on One session,,Yes,No,I keep for myself.,Yes
114746740106.0,I Agree,Male,50+ years,Commercial,Excellent,I’m just there,Annual check ups,Work/job related stressors,,,,,,,Anxiety and Depression,,Yes,Yes,Not so often,Not so often,No,No,No,Yes,Few weeks ago,Few weeks ago,Most of the time,Few weeks ago,4 - 6,Not Sure,Once in a few weeks,Once in a few weeks,I engage relatives and friends,,Above average degree of social support (Given or potentially available from family and friends).,No,One on One session,,No,,,No
114746743655.0,I Agree,Male,25-39 years,Technical,Poor,I am not OK,nil,Work/job related stressors,Emotional intelligence,,,,Relationship Difficulties,,Anxiety and Depression,,Not Sure,Yes,Somewhat often,Somewhat often,No,No,No,Yes,Few days ago,Few weeks ago,About half the time,I don't remember,4 - 6,Good,Once in a few weeks,Once in a few weeks,I keep my issues to myself,,"Below average degree of social support (While some support is available, it's not consistently available).",Yes,One on One session,,No,,,Yes
114746735953.0,I Agree,Male,50+ years,Managing Director's Office,Excellent,I am OK and coping well,,,,,,,,,,,No,No,Not at all,Not at all,No,No,No,Yes,Few days ago,Few days ago,Always,Few days ago,7 - 9,Very Good,Once in a few weeks,Once in a few weeks,I engage relatives and friends,,"High degree of social support (Much support is either given or is available, if needed, from family and friends).",No,Online,,Yes,No,,No
114746738141.0,I Agree,Male,40-49 years,Commercial,Fair,I’m just there,"Company financial support for me in international station to engage in sports such as gym or golf membership to enable me to socialize, network and physically work out.",Work/job related stressors,,,,,,,,Financial support for international staff to engage in physical activities such as gym or golf membership.,Not Sure,No,Not so often,Not so often,No,No,No,Yes,Few months ago,Few days ago,About half the time,Few days ago,4 - 6,Bad,Never,Once in a few weeks,I keep my issues to myself,,Average degree of social support from family and friends is given or potentially available.,No,Group session,,Yes,No,The company will not cater for my travel to Kenya for the service.,No
114746740982.0,I Agree,Male,25-39 years,Finance,Fair,I’m just there,"Therapy, Guidance",Work/job related stressors,Emotional intelligence,Financial constraints,,,,,Anxiety and Depression,,Not Sure,Yes,Not so often,Somewhat often,No,No,No,Not Sure,Few weeks ago,Few weeks ago,About half the time,Few weeks ago,7 - 9,Not Sure,Never,Once in a few weeks,I engage relatives and friends,,Average degree of social support from family and friends is given or potentially available.,Yes,One on One session,,Yes,No,No ample time to do so,No
114746740711.0,I Agree,Female,25-39 years,Flight Operations,Good,I’m just there,Life Coach,,Emotional intelligence,,,,Relationship Difficulties,,,Anxiety,No,No,Not so often,Somewhat often,No,Yes,Yes,Not Sure,Few days ago,Few days ago,About half the time,Few months ago,7 - 9,Bad,Never,Once in a few weeks,I engage relatives and friends,,"High degree of social support (Much support is either given or is available, if needed, from family and friends).",Yes,One on One session,,Yes,Yes,,No
114746738046.0,I Agree,Female,25-39 years,Flight Operations,Good,I’m just there,,Work/job related stressors,Emotional intelligence,,,,,Unresolved Childhood Difficulties,Anxiety and Depression,,Not Sure,Yes,Not so often,Not so often,No,No,No,Yes,Few days ago,Few days ago,About half the time,Few days ago,4 - 6,OK,Never,Once in a few weeks,I engage relatives and friends,,"Below average degree of social support (While some support is available, it's not consistently available).",No,Online,,Yes,Yes,,Yes
114746739948.0,I Agree,Female,40-49 years,Ground Operations,Fair,I’m just there,therapy,Work/job related stressors,Emotional intelligence,Financial constraints,,,Relationship Difficulties,Unresolved Childhood Difficulties,,l love my job but the disruptions are causing extreme exhaustion and a mental toll on me,Yes,Yes,Not so often,Somewhat often,No,No,No,No,I don't remember,I don't remember,Once in a while,I don't remember,Less than 4,Not Sure,Never,Never,I keep my issues to myself,try listen to music,No support or potential support is available from either family or friends,No,One on One session,not sure as yet,Yes,No,"my job ,l will be handlung disruptions or sleeping trying to catch up on my slp",No
114746738450.0,I Agree,Female,25-39 years,Commercial,Good,I am OK and coping well,,Work/job related stressors,,,,,,,,,No,No,Not at all,Not at all,No,No,No,Yes,Few days ago,Few days ago,Most of the time,Few days ago,7 - 9,OK,Never,Once in a few weeks,I engage relatives and friends,I pray and put it all in god's hands ,"High degree of social support (Much support is either given or is available, if needed, from family and friends).",Yes,Online,,Yes,No,Because I haven't needed it yet. My family and friends are very supportive and always there when I need them,No
114746740023.0,I Agree,Female,25-39 years,Cargo,Good,I am OK and coping well,,Work/job related stressors,Emotional intelligence,,Trauma,,,,,,Not Sure,Yes,Not so often,Somewhat often,No,No,No,Not Sure,Few days ago,Few days ago,Most of the time,Few days ago,4 - 6,Bad,Never,Never,I engage relatives and friends,,Above average degree of social support (Given or potentially available from family and friends).,Yes,One on One session,,Yes,No,I have never thought of going there,No
114746736526.0,I Agree,Female,40-49 years,Managing Director's Office,Good,I need support,I. Would like to know if I have any childhood traumas that might be affecting me now and also how to deal with a toxic work environment ,Work/job related stressors,Emotional intelligence,,Trauma,,Relationship Difficulties,,,,Yes,No,Not so often,Not so often,No,No,No,Not Sure,Few months ago,Few years ago,About half the time,Few days ago,4 - 6,OK,Never,Never,I keep my issues to myself,,"Below average degree of social support (While some support is available, it's not consistently available).",Yes,Online,,Yes,No,I really don't know how to share my issues,Yes
114746733499.0,I Agree,Male,25-39 years,Technical,Very Good,I’m just there,,Work/job related stressors,,Financial constraints,Trauma,,Relationship Difficulties,,Anxiety and Depression,,No,Yes,Not so often,Not so often,No,No,No,Yes,Few years ago,Few years ago,Once in a while,Few months ago,4 - 6,Good,Never,Never,I keep my issues to myself,,"High degree of social support (Much support is either given or is available, if needed, from family and friends).",No,Online,,Yes,No,Never followed up,Yes
114746732804.0,I Agree,Male,40-49 years,Technical,Good,I am OK and coping well,,Work/job related stressors,Emotional intelligence,,,,Relationship Difficulties,,,,No,No,Not so often,Somewhat often,No,No,No,Yes,Few weeks ago,Few days ago,Once in a while,Few weeks ago,7 - 9,Good,Never,Never,I engage relatives and friends,,Average degree of social support from family and friends is given or potentially available.,Yes,Group session,,Yes,No,Have not had any mental challenge ,No
114746733005.0,I Agree,Male,25-39 years,Ground Operations,Good,I am OK and coping well,,Work/job related stressors,,Financial constraints,,,,,,,No,No,Not at all,Not so often,No,No,No,Yes,Few days ago,Few days ago,Most of the time,Few days ago,4 - 6,OK,Never,Never,I seek help from my religious leader,,"High degree of social support (Much support is either given or is available, if needed, from family and friends).",Yes,Online,,Yes,Yes,,No
114746735341.0,I Agree,Male,18-24 years,Managing Director's Office,Very Good,I am OK and coping well,,,Emotional intelligence,Financial constraints,,,Relationship Difficulties,,Anxiety and Depression,,No,No,Not so often,Not at all,No,No,No,Yes,Few days ago,Few days ago,Most of the time,Few days ago,4 - 6,Good,Never,Never,I seek help from a processional counselor,,Above average degree of social support (Given or potentially available from family and friends).,Yes,Group session,,Yes,No,,Yes
114746729309.0,I Agree,Female,40-49 years,Commercial,Good,I am OK and coping well,,Work/job related stressors,Emotional intelligence,Financial constraints,Trauma,,Relationship Difficulties,,,,Not Sure,Yes,Somewhat often,Not so often,No,Yes,No,Not Sure,Few years ago,Few months ago,About half the time,Few months ago,4 - 6,OK,Never,Never,I seek for available options online,,Average degree of social support from family and friends is given or potentially available.,Yes,Online,Webinars,Yes,Yes,,No
114746732616.0,I Agree,Female,40-49 years,Technical,Very Good,I am OK and coping well,,Work/job related stressors,,,,,,,,,No,Yes,Somewhat often,Somewhat often,No,No,No,Yes,Few days ago,Few days ago,Always,Few days ago,7 - 9,Good,Never,Never,I engage relatives and friends,journaling,"High degree of social support (Much support is either given or is available, if needed, from family and friends).",Yes,Online,books,Yes,No,never needed to ,No
114746733455.0,I Agree,Male,40-49 years,Flight Operations,Good,I’m just there,A few days of leave/break,,Emotional intelligence,Financial constraints,,,Relationship Difficulties,,Anxiety and Depression,Self-esteem/self-worth,Yes,Yes,Not at all,Not so often,No,Yes,No,Yes,Few years ago,Few years ago,Once in a while,Few years ago,4 - 6,Bad,Never,Once in a few weeks,I keep my issues to myself,,Average degree of social support from family and friends is given or potentially available.,Yes,Online,,Yes,Yes,,Yes
114746736104.0,I Agree,Male,25-39 years,Flight Operations,,,,,,,,,,,,,,,,,,,,,,,,,,,,,,,,,,,,,,
114746730691.0,I Agree,Female,25-39 years,Ground Operations,Fair,I am not OK,More support at my place of work ,Work/job related stressors,,Financial constraints,,,,Unresolved Childhood Difficulties,,,Yes,Yes,Somewhat often,Somewhat often,No,Yes,Not sure,No,I don't remember,I don't remember,Once in a while,Few years ago,4 - 6,Bad,Never,Once in a few weeks,I keep my issues to myself,,"Below average degree of social support (While some support is available, it's not consistently available).",No,One on One session,,Yes,No,I don't know how to reach them ,Yes
114746735790.0,I Agree,Female,25-39 years,Commercial,,,,,,,,,,,,,,,,,,,,,,,,,,,,,,,,,,,,,,
114746729795.0,I Agree,Male,25-39 years,Commercial,Good,I’m just there,,Work/job related stressors,,Financial constraints,,,,,,,No,No,Not so often,Not so often,No,No,No,Yes,I don't remember,Few months ago,Once in a while,I don't remember,7 - 9,Good,Never,Once in a few weeks,I seek for available options online,,Average degree of social support from family and friends is given or potentially available.,Yes,Online,,Yes,No,,No
114746731637.0,I Agree,Female,25-39 years,Ground Operations,Good,I am OK and coping well,,Work/job related stressors,,,Trauma,,,,Anxiety and Depression,,No,Not Sure,Not so often,Not so often,No,No,No,Yes,Few weeks ago,Few days ago,Always,Few days ago,4 - 6,OK,Never,Once in a few weeks,I keep my issues to myself,,"High degree of social support (Much support is either given or is available, if needed, from family and friends).",No,One on One session,,Yes,No,,No
114746732386.0,I Agree,Female,25-39 years,Information Technology,Fair,I’m just there,Planning on getting therapy,,,,,,,Unresolved Childhood Difficulties,Anxiety and Depression,,Not Sure,No,Somewhat often,Not so often,No,No,Not sure,Not Sure,Few days ago,Few weeks ago,About half the time,Few weeks ago,4 - 6,Bad,Never,Once in a few weeks,I seek for available options online,,"Below average degree of social support (While some support is available, it's not consistently available).",Yes,Group session,,No,,,
114746729958.0,I Agree,Male,25-39 years,Ground Operations,Very Good,I am not OK,,Work/job related stressors,Emotional intelligence,,,,,,,,No,Yes,Not so often,Not so often,No,No,No,Yes,Few weeks ago,Few weeks ago,Always,Few weeks ago,4 - 6,Good,Never,Never,I engage relatives and friends,,Average degree of social support from family and friends is given or potentially available.,Yes,Group session,,No,,,No
114746734580.0,I Agree,Male,40-49 years,Technical,,,,,,,,,,,,,,,,,,,,,,,,,,,,,,,,,,,,,,
114746734349.0,I Agree,Female,25-39 years,Flight Operations,,,,,,,,,,,,,,,,,,,,,,,,,,,,,,,,,,,,,,
114746730670.0,I Agree,Male,40-49 years,Ground Operations,Excellent,I am OK and coping well,,,,,,,Relationship Difficulties,,,,No,No,Not at all,Somewhat often,No,Yes,No,No,Few days ago,Few days ago,Once in a while,Few weeks ago,Less than 4,Very Bad,Never,Once in a few weeks,I seek help from a processional counselor,,"High degree of social support (Much support is either given or is available, if needed, from family and friends).",Yes,One on One session,,Yes,Yes,,No
114746730633.0,I Agree,Male,40-49 years,Ground Operations,Good,I am OK and coping well,,,,Financial constraints,,,Relationship Difficulties,,,work balance challenges,No,Yes,Not at all,Not at all,No,No,No,Yes,Few weeks ago,Few days ago,Most of the time,Few months ago,4 - 6,Good,Never,Never,,,,,,,,,,
114746731441.0,I Agree,Male,40-49 years,Technical,Good,I am OK and coping well,,Work/job related stressors,,Financial constraints,,,,,,,Not Sure,Not Sure,Not so often,Not so often,No,No,No,Yes,,,,,,,,,,,,,,,,,,
114746730107.0,I Agree,Female,25-39 years,Finance,Good,I’m just there,,Work/job related stressors,Emotional intelligence,Financial constraints,Trauma,,Relationship Difficulties,Unresolved Childhood Difficulties,Anxiety and Depression,,Not Sure,No,Not so often,Not so often,No,No,Not sure,Not Sure,Few months ago,Few months ago,About half the time,Few months ago,4 - 6,OK,Never,Never,I keep my issues to myself,,Average degree of social support from family and friends is given or potentially available.,Yes,Online,,No,,,No
114746729643.0,I Agree,Male,18-24 years,"Corporate Quality, Safety & Environment",Very Good,I am OK and coping well,,,Emotional intelligence,,,,,,Anxiety and Depression,,Not Sure,No,Not at all,Not at all,No,No,No,Not Sure,Few weeks ago,Few days ago,Most of the time,I don't remember,7 - 9,Good,Never,Never,I keep my issues to myself,,Above average degree of social support (Given or potentially available from family and friends).,No,Online,,Yes,No,,No
114746730843.0,I Agree,Female,25-39 years,Commercial,Poor,I am not OK,,Work/job related stressors,Emotional intelligence,,,,,,Anxiety and Depression,,Yes,Yes,Very often,Very often,No,No,No,No,I don't remember,I don't remember,Never,I don't remember,7 - 9,Very Good,Never,Once in a few weeks,I keep my issues to myself,,No support or potential support is available from either family or friends,No,Online,,No,,,Yes
114746732443.0,I Agree,Male,25-39 years,Information Technology,,,,,,,,,,,,,,,,,,,,,,,,,,,,,,,,,,,,,,
114746729087.0,I Agree,Male,50+ years,Cargo,Very Good,I am OK and coping well,,,Emotional intelligence,,,,,,,,No,No,Not so often,Not at all,No,No,No,Yes,Few days ago,Few days ago,Most of the time,Few days ago,4 - 6,OK,Never,Once in a few weeks,I engage relatives and friends,,Above average degree of social support (Given or potentially available from family and friends).,No,Online,,No,,,No
114746729340.0,I Agree,Female,25-39 years,Finance,Good,I am OK and coping well,,,Emotional intelligence,Financial constraints,Trauma,,Relationship Difficulties,Unresolved Childhood Difficulties,,,No,No,Not at all,Not at all,No,No,No,Yes,Few days ago,Few days ago,Most of the time,Few days ago,7 - 9,Good,Never,Never,I engage relatives and friends,,"High degree of social support (Much support is either given or is available, if needed, from family and friends).",Yes,One on One session,,Yes,No,,Yes
114746731228.0,I Agree,Female,25-39 years,Flight Operations,,,,,,,,,,,,,,,,,,,,,,,,,,,,,,,,,,,,,,
114746730300.0,I Agree,Female,25-39 years,Commercial,,,,,,,,,,,,,,,,,,,,,,,,,,,,,,,,,,,,,,
114746730043.0,I Agree,Male,25-39 years,Commercial,,,,,,,,,,,,,,,,,,,,,,,,,,,,,,,,,,,,,,
114746729560.0,I Agree,Female,40-49 years,Commercial,,,,,,,,,,,,,,,,,,,,,,,,,,,,,,,,,,,,,,
114746729177.0,I Agree,Male,40-49 years,Technical,,,,,,,,,,,,,,,,,,,,,,,,,,,,,,,,,,,,,,
114746729617.0,I Agree,Female,25-39 years,Commercial,,,,,,,,,,,,,,,,,,,,,,,,,,,,,,,,,,,,,,
114746729000.0,I Agree,Female,25-39 years,Finance,,,,,,,,,,,,,,,,,,,,,,,,,,,,,,,,,,,,,,
114745738044.0,I Agree,Male,40-49 years,Ground Operations,Very Good,I am OK and coping well,nil,Work/job related stressors,,,,,Relationship Difficulties,,,,Yes,Yes,Not so often,Not so often,No,No,No,Not Sure,Few days ago,Few weeks ago,About half the time,Few weeks ago,4 - 6,Bad,Never,Never,I engage relatives and friends,,Average degree of social support from family and friends is given or potentially available.,Yes,Online,,No,,,No
114744871633.0,I Agree,Male,25-39 years,Commercial,Good,I am OK and coping well,,,,Financial constraints,,,,Unresolved Childhood Difficulties,Anxiety and Depression,,No,Not Sure,Not so often,Not so often,No,No,No,Yes,I don't remember,I don't remember,Most of the time,I don't remember,4 - 6,Good,Never,Once in a few weeks,I keep my issues to myself,,No support or potential support is available from either family or friends,Yes,Group session,,No,,,Yes
114744970331.0,I Agree,Male,40-49 years,Commercial,Fair,I am OK and coping well,,Work/job related stressors,,Financial constraints,,,,,,,No,Not Sure,Not so often,Not so often,No,No,No,Yes,I don't remember,Few days ago,Most of the time,Few days ago,4 - 6,Good,Never,Once in a few weeks,,,,,,,,,,
114744957634.0,I Agree,Male,40-49 years,Flight Operations,Good,I am OK and coping well,N/a,Work/job related stressors,,,,,,,,,No,No,Not so often,Not at all,No,No,No,Yes,Few days ago,Few weeks ago,Most of the time,Few weeks ago,7 - 9,OK,Never,Once in a few weeks,I engage relatives and friends,,Above average degree of social support (Given or potentially available from family and friends).,Yes,Group session,,Yes,No,Available support from family and friends has been sufficient so far,No
114744953650.0,I Agree,Female,25-39 years,Commercial,Fair,I’m just there,no,,Emotional intelligence,,,,Relationship Difficulties,,,,No,Yes,Not so often,Not at all,No,No,Not sure,Not Sure,Few days ago,Few weeks ago,Once in a while,Few weeks ago,7 - 9,Very Good,Never,Once in a few weeks,I engage relatives and friends,,"High degree of social support (Much support is either given or is available, if needed, from family and friends).",Yes,Online,,Yes,Yes,,No
114744870795.0,I Agree,Female,25-39 years,Commercial,Fair,I’m just there,HR to be more attentive to staff issues as some of these mental stresses are avoidable ,Work/job related stressors,,,,,,,,Distribution of work load not fair ,Yes,Yes,Somewhat often,Not so often,No,No,Yes,Yes,Few days ago,Few days ago,Always,Few days ago,,,,,,,,,,,,,,
114744870910.0,I Agree,Female,25-39 years,Commercial,Good,I am OK and coping well,Therapy,Work/job related stressors,Emotional intelligence,Financial constraints,Trauma,Substance and Drug Dependence,,,Anxiety and Depression,,Yes,Yes,Not so often,Not so often,No,No,No,Yes,Few days ago,Few days ago,Most of the time,Few days ago,7 - 9,Very Good,Never,Once in a few weeks,I engage relatives and friends,,"High degree of social support (Much support is either given or is available, if needed, from family and friends).",No,One on One session,,No,,,Yes
114743125795.0,I Agree,Male,25-39 years,Flight Operations,Very Good,I am OK and coping well,,Work/job related stressors,Emotional intelligence,Financial constraints,,,,,,,No,No,Not at all,Not at all,No,No,Yes,Yes,Few days ago,Few days ago,Most of the time,Few months ago,7 - 9,Good,Never,Once in a few weeks,,,,,,,,,,
114742506995.0,I Agree,Female,40-49 years,Technical,Fair,I’m just there,,,Emotional intelligence,Financial constraints,,,,,,,Not Sure,No,Not so often,Somewhat often,No,No,No,Not Sure,Few weeks ago,Few weeks ago,About half the time,Few days ago,7 - 9,Good,Never,Never,I keep my issues to myself,Physical activity,Above average degree of social support (Given or potentially available from family and friends).,No,Group session,,Yes,No,,No
114742342327.0,I Agree,Female,40-49 years,Flight Operations,Very Good,I am OK and coping well,,Work/job related stressors,Emotional intelligence,Financial constraints,Trauma,Substance and Drug Dependence,Relationship Difficulties,Unresolved Childhood Difficulties,Anxiety and Depression,Living with a PWD e.g Autism/celebral palsy/dyslexia among others,Not Sure,No,Not at all,Not so often,No,Yes,No,Not Sure,Few days ago,Few days ago,Most of the time,Few days ago,7 - 9,Good,Never,Once in a few weeks,I engage relatives and friends,I read books and also excercise,"Below average degree of social support (While some support is available, it's not consistently available).",No,Pamphlets and nuggets,Email,No,,,No
114741666712.0,I Agree,Male,40-49 years,Ground Operations,Good,I am OK and coping well,NONE,Work/job related stressors,,,,,,,,,Yes,Yes,Not at all,Not at all,No,No,No,Yes,Few days ago,Few days ago,Most of the time,Few days ago,4 - 6,Good,Never,Never,I seek help from my religious leader,Am always prayerful whenever faced with challenges. My Bible becomes my comfort at all times.,Average degree of social support from family and friends is given or potentially available.,No,Online,,Yes,No,My mental health is not severe that I cant cope. It is always within manageable levels.,No
114741325596.0,I Agree,Female,25-39 years,Commercial,Good,I am OK and coping well,,Work/job related stressors,,,,,,,,,No,No,Not at all,Not at all,No,No,No,Yes,Few months ago,Few days ago,Always,Few days ago,7 - 9,Good,Never,Never,I seek help from a processional counselor,,"High degree of social support (Much support is either given or is available, if needed, from family and friends).",Yes,Group session,,No,,,No
114741243552.0,I Agree,Male,25-39 years,"Corporate Quality, Safety & Environment",Good,I’m just there,Better suvises,Work/job related stressors,,Financial constraints,,Substance and Drug Dependence,,,,,Yes,No,Not so often,Not so often,No,No,Yes,No,I don't remember,I don't remember,Once in a while,I don't remember,4 - 6,OK,Never,Once in a few weeks,I seek for available options online,,Average degree of social support from family and friends is given or potentially available.,Yes,One on One session,,Yes,Yes,,No
114741172985.0,I Agree,Male,40-49 years,Cargo,Good,I am OK and coping well,ok,,,,Trauma,Substance and Drug Dependence,,Unresolved Childhood Difficulties,,,No,No,Not at all,Not at all,No,No,No,Yes,Few days ago,I don't remember,Always,Few days ago,Less than 4,Very Bad,Never,Never,I keep my issues to myself,,"Below average degree of social support (While some support is available, it's not consistently available).",No,Online,,Yes,No,,No
114740255884.0,I Agree,Female,25-39 years,Information Technology,Fair,I’m just there,,,Emotional intelligence,Financial constraints,,,Relationship Difficulties,,,,Not Sure,Not Sure,Not so often,Somewhat often,No,No,Not sure,Not Sure,Few weeks ago,I don't remember,Once in a while,Few months ago,4 - 6,OK,Never,Never,I keep my issues to myself,,Average degree of social support from family and friends is given or potentially available.,No,One on One session,,Yes,No,,No
114741069019.0,I Agree,Male,25-39 years,Flight Operations,Good,I am OK and coping well,,Work/job related stressors,Emotional intelligence,Financial constraints,Trauma,Substance and Drug Dependence,Relationship Difficulties,,Anxiety and Depression,,No,No,Not so often,Not at all,No,No,No,Not Sure,Few weeks ago,Few days ago,Most of the time,Few days ago,4 - 6,Bad,Never,Never,I keep my issues to myself,Workout and physical activity,Average degree of social support from family and friends is given or potentially available.,No,Pamphlets and nuggets,,No,,,No
114740762442.0,I Agree,Female,40-49 years,Ground Operations,Good,I am OK and coping well,,Work/job related stressors,,,,,,,,,No,Not Sure,Not at all,Not at all,No,No,No,Yes,Few days ago,Few days ago,Most of the time,Few days ago,7 - 9,Very Good,Never,Never,I engage relatives and friends,,Average degree of social support from family and friends is given or potentially available.,Yes,Online,,Yes,,,
114740641212.0,I Agree,Female,25-39 years,Managing Director's Office,Fair,I’m just there,,,Emotional intelligence,,,Substance and Drug Dependence,,Unresolved Childhood Difficulties,Anxiety and Depression,,Not Sure,Yes,Not so often,Not so often,No,Yes,No,Yes,Few weeks ago,Few weeks ago,Once in a while,Few weeks ago,4 - 6,OK,Once everyday,Once everyday,I keep my issues to myself,,"Below average degree of social support (While some support is available, it's not consistently available).",Yes,Group session,,Yes,Yes,,No
114740460459.0,I Agree,Female,25-39 years,Commercial,Good,I’m just there,,Work/job related stressors,,Financial constraints,,,,,,,No,Yes,Not so often,Not so often,No,No,No,Yes,Few days ago,Few days ago,Most of the time,Few days ago,4 - 6,Good,Never,Once in a few weeks,I engage relatives and friends,,Above average degree of social support (Given or potentially available from family and friends).,Yes,Group session,,Yes,No,,No
114740068727.0,I Agree,Female,25-39 years,"Corporate Quality, Safety & Environment",,,,,,,,,,,,,,,,,,,,,,,,,,,,,,,,,,,,,,
114740059329.0,I Agree,Female,50+ years,Technical,Good,I’m just there,,,,,,,,,,Loss of loved ones,Not Sure,No,Not at all,Not at all,No,No,No,Yes,Few months ago,Few months ago,Most of the time,I don't remember,4 - 6,Good,Never,Once in a few weeks,I engage relatives and friends,Sometimes keep issues to myself and sometimes I engage relatives,Average degree of social support from family and friends is given or potentially available.,No,Online,,Yes,,,
114740042987.0,I Agree,Male,25-39 years,Ground Operations,,,,,,,,,,,,,,,,,,,,,,,,,,,,,,,,,,,,,,
114739896473.0,I Agree,Female,25-39 years,Ground Operations,Good,I am OK and coping well,,Work/job related stressors,Emotional intelligence,Financial constraints,,Substance and Drug Dependence,,,,,No,No,Not so often,Not so often,No,No,No,Yes,Few days ago,Few months ago,Most of the time,Few days ago,4 - 6,Good,Never,Once in a few weeks,I engage relatives and friends,,Average degree of social support from family and friends is given or potentially available.,No,Online,,Yes,No,I have never had mental issues ,No
114739837112.0,I Agree,Female,40-49 years,Flight Operations,Fair,I’m just there,,Work/job related stressors,,,Trauma,,Relationship Difficulties,Unresolved Childhood Difficulties,Anxiety and Depression,,No,Yes,Not so often,Not so often,No,Yes,No,Not Sure,Few weeks ago,Few weeks ago,Once in a while,Few days ago,7 - 9,Not Sure,Never,Once in a few weeks,I keep my issues to myself,Praying ,Average degree of social support from family and friends is given or potentially available.,Yes,Online,,Yes,Yes,,No
114739790334.0,I Agree,Male,40-49 years,Ground Operations,Good,I am OK and coping well,,,,,,,,,,Family related issue,No,No,Not at all,Not at all,No,No,No,No,Few days ago,Few days ago,Most of the time,Few days ago,7 - 9,Good,Never,Once in a few weeks,I engage relatives and friends,,Average degree of social support from family and friends is given or potentially available.,No,Online,,Yes,No,,No
114739463702.0,I Agree,Female,25-39 years,Flight Operations,Good,I am OK and coping well,,Work/job related stressors,,,,Substance and Drug Dependence,,,Anxiety and Depression,,Yes,No,Not at all,Not so often,No,No,No,Yes,Few months ago,Few days ago,Most of the time,Few days ago,7 - 9,Good,Never,Once in a few weeks,,,,,,,,,,
114739326189.0,I Agree,Female,40-49 years,Flight Operations,Very Good,I am OK and coping well,Regular fora with colleagues undergoing  similar challenges,,,Financial constraints,,,Relationship Difficulties,,Anxiety and Depression,Bereavement ,No,Yes,Somewhat often,Somewhat often,No,Yes,No,Yes,Few days ago,Few days ago,About half the time,Few days ago,4 - 6,Not Sure,Never,Never,I seek for available options online,I pray to God directly ,Average degree of social support from family and friends is given or potentially available.,Yes,One on One session,,Yes,Yes,I have,No
114739293566.0,I Agree,Female,25-39 years,Finance,Fair,I am OK and coping well,,Work/job related stressors,Emotional intelligence,Financial constraints,,,Relationship Difficulties,,,,No,No,Not at all,Not at all,No,No,No,Yes,Few days ago,Few days ago,About half the time,Few days ago,7 - 9,Very Good,Never,Never,I engage relatives and friends,,Above average degree of social support (Given or potentially available from family and friends).,Yes,Pamphlets and nuggets,,Yes,No,I have not undergone a major stressor beyond me and my circle. ,No
114739292923.0,I Agree,Male,40-49 years,Technical,,,,,,,,,,,,,,,,,,,,,,,,,,,,,,,,,,,,,,
114739262530.0,I Agree,Female,25-39 years,Human Resources,Fair,I’m just there,,Work/job related stressors,,,,,,,,,No,No,Somewhat often,Somewhat often,No,Yes,No,Yes,Few weeks ago,Few weeks ago,Most of the time,Few days ago,7 - 9,Very Good,Never,Never,I engage relatives and friends,,"High degree of social support (Much support is either given or is available, if needed, from family and friends).",Yes,Online,,Yes,,,
114739259210.0,I Agree,Female,25-39 years,Human Resources,,,,,,,,,,,,,,,,,,,,,,,,,,,,,,,,,,,,,,
114739215418.0,I Agree,Female,50+ years,Commercial,Poor,I am not OK,I feel overwhelmed with my job. Too much pressure for results to meet while the lack of staff is putting big workload on us. You are pushed for things which are not in your job descriptions because of lack of staff ,Work/job related stressors,Emotional intelligence,Financial constraints,,,,,,too much pressure for results,Yes,Yes,Very often,Not so often,No,Yes,No,Yes,Few months ago,Few months ago,Most of the time,Few months ago,4 - 6,OK,Never,Once in a few weeks,I seek help from my religious leader,,"High degree of social support (Much support is either given or is available, if needed, from family and friends).",Yes,Online,"Mix of them. Sometimes you may need One on One, other time you may need Group session. It also help to hear from others experience. How they deal with their issues",Yes,No,"Sometimes I have an issue with the language. When it is not your native language, it may not easy to express your real feelingsi It is a big challenge ",No
114739204243.0,I Agree,Female,25-39 years,Flight Operations,Good,I’m just there,,,Emotional intelligence,,Trauma,,,Unresolved Childhood Difficulties,Anxiety and Depression,,Not Sure,Yes,Not so often,Somewhat often,No,No,Not sure,Yes,Few days ago,Few days ago,Once in a while,Few weeks ago,4 - 6,Good,Never,Never,I keep my issues to myself,,"Below average degree of social support (While some support is available, it's not consistently available).",No,One on One session,,No,,,
114739156266.0,I Agree,Female,50+ years,Flight Operations,Good,I am OK and coping well,,Work/job related stressors,,Financial constraints,,,,,,,No,Yes,Not so often,Not at all,No,No,No,Yes,Few days ago,Few days ago,Most of the time,Few weeks ago,4 - 6,OK,Never,Once everyday,I keep my issues to myself,,"Below average degree of social support (While some support is available, it's not consistently available).",No,Online,,Yes,No,No necessary ,No
114739152299.0,I Agree,Female,40-49 years,Information Technology,Very Good,I am OK and coping well,,,,,,,,,Anxiety and Depression,,No,Yes,Not at all,Not at all,No,No,No,Yes,,,,,,,,,,,,,,,,,,
114739150870.0,I Agree,Male,50+ years,Commercial,Very Good,I am OK and coping well,I am okay and coping well.,Work/job related stressors,Emotional intelligence,,,,,,,,No,No,Not at all,Not at all,No,No,No,Yes,Few days ago,Few days ago,Always,Few days ago,7 - 9,Very Good,Never,Once in a few weeks,I engage relatives and friends,Discuss with immediate family only.,"High degree of social support (Much support is either given or is available, if needed, from family and friends).",Yes,Online,,Yes,No,Not required,No
114739127194.0,I Agree,Male,40-49 years,Information Technology,Good,I am OK and coping well,,Work/job related stressors,,Financial constraints,,,Relationship Difficulties,,Anxiety and Depression,,No,No,Not at all,Not at all,No,No,No,Not Sure,Few days ago,Few days ago,Most of the time,Few days ago,4 - 6,Bad,Never,Once in a few weeks,I engage relatives and friends,,"High degree of social support (Much support is either given or is available, if needed, from family and friends).",No,Online,,Yes,No,Not necessary at the moment ,No
114739113579.0,I Agree,Male,50+ years,Flight Operations,Good,I am OK and coping well,,Work/job related stressors,Emotional intelligence,Financial constraints,,Substance and Drug Dependence,Relationship Difficulties,,,,Yes,Yes,Not so often,Not so often,No,No,Yes,No,Few years ago,Few weeks ago,Once in a while,Few days ago,4 - 6,Good,Never,Never,I engage relatives and friends,,Above average degree of social support (Given or potentially available from family and friends).,No,Online,,Yes,No,Feeling I don't have the time available.,Yes
114739113438.0,I Agree,Female,25-39 years,Technical,Good,I am OK and coping well,,,,,Trauma,Substance and Drug Dependence,,Unresolved Childhood Difficulties,Anxiety and Depression,,No,No,Very often,Very often,No,No,No,Yes,Few days ago,Few days ago,Most of the time,Few days ago,7 - 9,Very Good,Never,Once in a few weeks,I engage relatives and friends,,Above average degree of social support (Given or potentially available from family and friends).,Yes,Group session,,No,,,
114739110574.0,I Agree,Male,25-39 years,Human Resources,Very Good,I am OK and coping well,,Work/job related stressors,Emotional intelligence,Financial constraints,,Substance and Drug Dependence,,,,,No,No,Not so often,Not so often,No,Yes,No,Yes,Few days ago,Few days ago,Always,Few days ago,7 - 9,Good,Never,Once in a few weeks,,,,,,,,,,
114739107104.0,I Agree,Male,40-49 years,Finance,Very Good,I am OK and coping well,,Work/job related stressors,Emotional intelligence,Financial constraints,,,,,,,Yes,Yes,Not so often,Not so often,No,No,No,Yes,Few days ago,Few days ago,Most of the time,Few days ago,7 - 9,Good,Never,Never,I engage relatives and friends,,Above average degree of social support (Given or potentially available from family and friends).,Yes,Online,,Yes,No,,No
114739097947.0,I Agree,Male,25-39 years,Managing Director's Office,Very Good,I am OK and coping well,,,,Financial constraints,,Substance and Drug Dependence,,,Anxiety and Depression,,Yes,No,Not so often,Not so often,No,No,No,Yes,Few days ago,Few days ago,Most of the time,Few days ago,7 - 9,Good,Never,Once in a few weeks,I engage relatives and friends,,Above average degree of social support (Given or potentially available from family and friends).,No,Group session,,Yes,Yes,,No
114739095800.0,I Agree,Female,50+ years,Commercial,Good,I’m just there,Not sure,Work/job related stressors,,,,,,,,,Not Sure,Yes,Not so often,Somewhat often,No,No,No,Yes,I don't remember,Few years ago,About half the time,Few days ago,7 - 9,Bad,Never,Never,I keep my issues to myself,,Average degree of social support from family and friends is given or potentially available.,Yes,Group session,,Yes,No,Never felt the need to.,Yes
114739087672.0,I Agree,Female,40-49 years,Human Resources,Good,I’m just there,,Work/job related stressors,,Financial constraints,,,,,,,No,Yes,Not so often,Not so often,No,No,No,Not Sure,Few months ago,Few weeks ago,Most of the time,Few months ago,4 - 6,OK,Never,Never,I keep my issues to myself,,Above average degree of social support (Given or potentially available from family and friends).,No,Pamphlets and nuggets,,Yes,No,,No
114739082148.0,I Agree,Female,40-49 years,Ground Operations,Fair,I’m just there,,Work/job related stressors,,Financial constraints,Trauma,,,,Anxiety and Depression,,Yes,Yes,Somewhat often,Somewhat often,No,Yes,No,No,I don't remember,I don't remember,Once in a while,I don't remember,Less than 4,Very Bad,More than once everyday,Never,I keep my issues to myself,,"Below average degree of social support (While some support is available, it's not consistently available).",Yes,Online,,Yes,Yes,,No
114739079898.0,I Agree,Female,40-49 years,Technical,Excellent,I am OK and coping well,,Work/job related stressors,Emotional intelligence,Financial constraints,,,,,,,No,No,Somewhat often,Somewhat often,No,No,No,Yes,Few days ago,Few days ago,Most of the time,Few days ago,4 - 6,Very Good,Never,Never,I seek help from my religious leader,,"High degree of social support (Much support is either given or is available, if needed, from family and friends).",No,Online,,Yes,No,I have no mental challenge,No
114739071513.0,I Agree,Female,40-49 years,Human Resources,Good,I am OK and coping well,,,Emotional intelligence,Financial constraints,,,Relationship Difficulties,,,,No,No,Not at all,Not so often,No,No,No,Yes,Few days ago,Few days ago,Most of the time,Few days ago,7 - 9,Good,Never,Never,I engage relatives and friends,,Average degree of social support from family and friends is given or potentially available.,Yes,Online,,Yes,No,I have never gotten to a point when I need assistance. ,Yes
114739066453.0,I Agree,Male,50+ years,Finance,Very Good,I am OK and coping well,,Work/job related stressors,Emotional intelligence,Financial constraints,,,,,Anxiety and Depression,,Yes,No,Not so often,Not so often,No,No,No,No,Few weeks ago,Few days ago,Once in a while,Few weeks ago,7 - 9,Good,Never,Never,I seek help from my religious leader,Sweating it out in gym,"Below average degree of social support (While some support is available, it's not consistently available).",Yes,Group session,,Yes,Yes,,Yes
114739051585.0,I Agree,Female,25-39 years,Ground Operations,Good,I’m just there,NIL,Work/job related stressors,Emotional intelligence,Financial constraints,,Substance and Drug Dependence,Relationship Difficulties,,Anxiety and Depression,,Yes,Yes,Not at all,Not at all,No,No,No,No,I don't remember,I don't remember,Once in a while,Few months ago,4 - 6,Bad,Never,Never,I keep my issues to myself,,"Below average degree of social support (While some support is available, it's not consistently available).",No,Online,,Yes,No,i dont know,Yes
114738771625.0,I Agree,Male,25-39 years,Ground Operations,Excellent,I am OK and coping well,ok,Work/job related stressors,,Financial constraints,,,,,,Something need tobe done on salary .,No,No,Not at all,Not at all,No,Yes,No,Not Sure,Few days ago,Few days ago,Always,Few days ago,7 - 9,OK,Never,Never,I seek help from my religious leader,,Above average degree of social support (Given or potentially available from family and friends).,Yes,Group session,,Yes,Yes,,Yes
114738734060.0,I Agree,Male,40-49 years,Ground Operations,Fair,I am OK and coping well,,Work/job related stressors,,Financial constraints,Trauma,,Relationship Difficulties,,Anxiety and Depression,,No,Yes,Very often,Somewhat often,No,No,No,Not Sure,Few years ago,Few years ago,Once in a while,Few years ago,4 - 6,Bad,Once in a few weeks,Once in a few weeks,I keep my issues to myself,,"Below average degree of social support (While some support is available, it's not consistently available).",Yes,Online,,Yes,No,Not sure ,No
114738703955.0,I Agree,Male,50+ years,Technical,Very Good,I am OK and coping well,,Work/job related stressors,Emotional intelligence,Financial constraints,,,,,Anxiety and Depression,,No,Yes,Not so often,Not so often,No,No,Not sure,Yes,Few days ago,Few days ago,Most of the time,Few days ago,4 - 6,Good,Never,Once in a few weeks,I engage relatives and friends,,"High degree of social support (Much support is either given or is available, if needed, from family and friends).",No,One on One session,,No,,,No
114738690702.0,I Agree,Male,40-49 years,Flight Operations,Very Good,I am OK and coping well,,Work/job related stressors,Emotional intelligence,Financial constraints,,Substance and Drug Dependence,,,,,No,No,Not at all,Not at all,No,No,No,Yes,Few days ago,Few days ago,Always,Few days ago,7 - 9,Very Good,Never,Never,I engage relatives and friends,,"High degree of social support (Much support is either given or is available, if needed, from family and friends).",No,Group session,,Yes,,,
114738652665.0,I Agree,Female,40-49 years,Flight Operations,Good,I am OK and coping well,None ,Work/job related stressors,,,,Substance and Drug Dependence,,Unresolved Childhood Difficulties,Anxiety and Depression,,Not Sure,Yes,Not at all,Not at all,No,No,No,Yes,Few days ago,Few days ago,Most of the time,Few days ago,7 - 9,Good,Never,Once in a few weeks,I engage relatives and friends,,"High degree of social support (Much support is either given or is available, if needed, from family and friends).",No,Online,,Yes,No,Never felt the need ,No
114738644744.0,I Agree,Male,40-49 years,Ground Operations,Very Good,I am OK and coping well,I need money,,,Financial constraints,,,,,Anxiety and Depression,,No,Yes,Not so often,Not so often,No,No,No,Yes,Few months ago,Few months ago,Most of the time,Few months ago,4 - 6,Good,Never,Never,I engage relatives and friends,I go to church to sing praises and dancing ,"High degree of social support (Much support is either given or is available, if needed, from family and friends).",Yes,Group session,Camp or hotels invitation by mental proffersors ,Yes,Yes,,Yes
114738592262.0,I Agree,Female,25-39 years,Ground Operations,Fair,I’m just there,To have a person who puts him/her self in our shoes before giving the solution ,Work/job related stressors,,Financial constraints,,,Relationship Difficulties,,Anxiety and Depression,,Yes,Not Sure,Somewhat often,Very often,No,Yes,No,Not Sure,Few years ago,I don't remember,Once in a while,Few years ago,4 - 6,OK,Never,Never,I keep my issues to myself,,"Below average degree of social support (While some support is available, it's not consistently available).",No,One on One session,,Yes,No,Often on duty ,No
114738465592.0,I Agree,Female,40-49 years,Ground Operations,Good,I am not OK,Counseling ,Work/job related stressors,Emotional intelligence,Financial constraints,,Substance and Drug Dependence,,,,,Yes,Yes,Somewhat often,Somewhat often,No,No,No,No,Few months ago,Few months ago,About half the time,Few months ago,4 - 6,Not Sure,Never,Never,I engage relatives and friends,,"Below average degree of social support (While some support is available, it's not consistently available).",Yes,Group session,,Yes,Yes,Yes,Yes
114738383486.0,I Agree,Female,40-49 years,Technical,Very Good,I am OK and coping well,None ,Work/job related stressors,Emotional intelligence,Financial constraints,Trauma,,,Unresolved Childhood Difficulties,,,No,No,Not at all,Not at all,No,Yes,No,Yes,Few days ago,Few days ago,Always,Few years ago,7 - 9,OK,Never,Never,I seek help from my religious leader,,"High degree of social support (Much support is either given or is available, if needed, from family and friends).",No,Online,,Yes,Yes,I'll visit soon ,No
114738358876.0,I Agree,Female,40-49 years,Flight Operations,Poor,I am OK and coping well,,Work/job related stressors,,Financial constraints,,,,,,,No,No,Not so often,Not so often,No,No,No,Yes,Few days ago,Few days ago,About half the time,Few days ago,7 - 9,OK,Never,Once in a few weeks,I engage relatives and friends,,Above average degree of social support (Given or potentially available from family and friends).,Yes,One on One session,,Yes,No,I'm lucky to have never had a huge issue that needed outside counsel ,No
114738355194.0,I Agree,Male,40-49 years,Flight Operations,Very Good,I am OK and coping well,Nil,Work/job related stressors,Emotional intelligence,,,,,,,,Yes,No,Not so often,Not so often,No,Yes,No,No,Few days ago,Few days ago,Most of the time,Few days ago,4 - 6,Good,Never,Once in a few weeks,I engage relatives and friends,,"High degree of social support (Much support is either given or is available, if needed, from family and friends).",Yes,One on One session,,Yes,No,I haven’t needed to,No
114738325659.0,I Agree,Female,25-39 years,Managing Director's Office,Good,I am OK and coping well,,Work/job related stressors,Emotional intelligence,Financial constraints,,,,,Anxiety and Depression,,Not Sure,Yes,Not at all,Not so often,No,No,No,Not Sure,I don't remember,Few days ago,Most of the time,Few days ago,4 - 6,OK,Never,Never,I keep my issues to myself,,Average degree of social support from family and friends is given or potentially available.,Yes,Online,,Yes,No,NEVR NEEDED,No
114738306560.0,I Agree,Female,50+ years,Finance,Fair,I’m just there,"Mechanisms on how to handle anxiety, worry and stress",Work/job related stressors,,Financial constraints,Trauma,,Relationship Difficulties,,Anxiety and Depression,,Yes,Yes,Not so often,Not at all,No,Yes,Not sure,Not Sure,Few months ago,Few years ago,Once in a while,Few years ago,4 - 6,Bad,Never,Once in a few weeks,I engage relatives and friends,,Average degree of social support from family and friends is given or potentially available.,Yes,One on One session,,Yes,Yes,"I want to reach out on my own when I feel am free to attend a therapy session, mainly regarding work related stress/financial and anxiety.",Yes
114738306176.0,I Agree,Male,25-39 years,Technical,Good,I am OK and coping well,,Work/job related stressors,,Financial constraints,Trauma,,Relationship Difficulties,,,,No,Yes,Not so often,Somewhat often,No,No,No,Not Sure,Few days ago,Few weeks ago,Most of the time,Few days ago,7 - 9,Good,Once in a few weeks,Once in a few weeks,I engage relatives and friends,,Above average degree of social support (Given or potentially available from family and friends).,No,Pamphlets and nuggets,,Yes,No,I did not feel the need to.,No
114738297912.0,I Agree,Female,40-49 years,Ground Operations,Fair,I am OK and coping well,councelling,Work/job related stressors,,Financial constraints,Trauma,,Relationship Difficulties,Unresolved Childhood Difficulties,Anxiety and Depression,,Yes,Yes,Not at all,Very often,No,No,No,No,Few days ago,Few weeks ago,Once in a while,Few days ago,7 - 9,Good,Never,Once in a few weeks,I keep my issues to myself,,No support or potential support is available from either family or friends,No,One on One session,,Yes,Yes,,No
114738292105.0,I Agree,Male,40-49 years,Managing Director's Office,Good,I am OK and coping well,,Work/job related stressors,,Financial constraints,,,Relationship Difficulties,,Anxiety and Depression,,Yes,No,Not at all,Not at all,No,No,No,Yes,Few days ago,Few days ago,Always,Few days ago,7 - 9,Very Good,Never,Never,I engage relatives and friends,,Average degree of social support from family and friends is given or potentially available.,No,Online,,Yes,No,Because I feel that I am not a victim of the same at the moment,No
114738257136.0,I Agree,Female,25-39 years,Ground Operations,Good,I’m just there,,,,Financial constraints,Trauma,,,,Anxiety and Depression,,Not Sure,Yes,Somewhat often,Not so often,No,No,No,Yes,Few months ago,Few months ago,About half the time,Few months ago,4 - 6,OK,Never,Never,,,,,,,,,,
114738209828.0,I Agree,Female,40-49 years,Flight Operations,Good,I am OK and coping well,Work life balance ,Work/job related stressors,,,,,,,,,No,Not Sure,Not so often,Not so often,No,No,No,Yes,Few days ago,Few days ago,Most of the time,Few days ago,7 - 9,OK,Never,Once in a few weeks,I engage relatives and friends,,Average degree of social support from family and friends is given or potentially available.,Yes,Online,,Yes,No,Time limitations ,No
114738199086.0,I Agree,Male,50+ years,Human Resources,,,,,,,,,,,,,,,,,,,,,,,,,,,,,,,,,,,,,,
114738172128.0,I Agree,Female,25-39 years,Ground Operations,Good,I’m just there,,Work/job related stressors,,Financial constraints,,,Relationship Difficulties,,,,Yes,No,Not at all,Not so often,No,No,No,Not Sure,Few days ago,Few days ago,Most of the time,Few days ago,7 - 9,Good,Never,Never,I engage relatives and friends,,"High degree of social support (Much support is either given or is available, if needed, from family and friends).",Yes,One on One session,,No,,,Yes
114738141140.0,I Agree,Female,25-39 years,Ground Operations,Poor,I am not OK,Counselling ,Work/job related stressors,,Financial constraints,,,,,Anxiety and Depression,,Yes,Yes,Somewhat often,Not so often,No,No,No,Yes,Few years ago,Few months ago,Most of the time,Few days ago,7 - 9,OK,Never,Never,I keep my issues to myself,,Average degree of social support from family and friends is given or potentially available.,No,One on One session,,Yes,No,I never seem to have time to go for therapy. ,Yes
114738135295.0,I Agree,Female,40-49 years,Ground Operations,Fair,I’m just there,State of economy affecting extended family finances so feeling overwhelmed financially,,,Financial constraints,Trauma,,,,Anxiety and Depression,,Yes,Yes,Somewhat often,Somewhat often,No,No,Yes,No,Few years ago,Few years ago,Once in a while,Few years ago,7 - 9,Good,Never,Once in a few weeks,I engage relatives and friends,,Average degree of social support from family and friends is given or potentially available.,Yes,One on One session,,Yes,Yes,"distance to Amani centre,  Availability of only one therapist at pride centre  ",Yes
114738109523.0,I Agree,Male,50+ years,Technical,Very Good,I am OK and coping well,,Work/job related stressors,,Financial constraints,,,,,Anxiety and Depression,,No,No,Not at all,Not at all,No,No,No,Yes,Few days ago,Few days ago,Most of the time,Few days ago,7 - 9,Good,Never,Never,I engage relatives and friends,,"High degree of social support (Much support is either given or is available, if needed, from family and friends).",No,Online,,Yes,No,,Yes
114738102991.0,I Agree,Female,40-49 years,Flight Operations,Very Good,I am OK and coping well,N/a,Work/job related stressors,Emotional intelligence,Financial constraints,Trauma,Substance and Drug Dependence,Relationship Difficulties,Unresolved Childhood Difficulties,Anxiety and Depression,N/a,No,No,Not so often,Not so often,No,No,No,No,Few months ago,Few weeks ago,Most of the time,Few days ago,4 - 6,OK,Never,Once in a few weeks,I engage relatives and friends,Pray about it,"High degree of social support (Much support is either given or is available, if needed, from family and friends).",No,Online,,Yes,,,
114738088320.0,I Agree,Male,25-39 years,Flight Operations,Poor,I’m just there,leave,Work/job related stressors,,,,,,,Anxiety and Depression,,Not Sure,Not Sure,Not so often,Not so often,No,No,No,Yes,I don't remember,I don't remember,Once in a while,I don't remember,4 - 6,OK,Never,Never,I keep my issues to myself,,"High degree of social support (Much support is either given or is available, if needed, from family and friends).",No,One on One session,,Yes,No,"not useful, coz am tired",No
114738043390.0,I Agree,Female,25-39 years,Managing Director's Office,Very Good,I am OK and coping well,,Work/job related stressors,,Financial constraints,Trauma,,,Unresolved Childhood Difficulties,,,No,No,Not so often,Not so often,No,No,No,Yes,Few days ago,Few days ago,Always,Few days ago,4 - 6,OK,Never,Never,I keep my issues to myself,,"High degree of social support (Much support is either given or is available, if needed, from family and friends).",No,Online,,No,,,No
114737881716.0,I Agree,Female,40-49 years,Managing Director's Office,Fair,I’m just there,,Work/job related stressors,Emotional intelligence,,,,,,Anxiety and Depression,,Not Sure,Not Sure,Not so often,Not so often,No,Yes,No,Not Sure,I don't remember,Few weeks ago,Once in a while,Few days ago,4 - 6,OK,Never,Never,I keep my issues to myself,,"Below average degree of social support (While some support is available, it's not consistently available).",No,One on One session,,Yes,Yes,,No
114737847148.0,I Agree,Female,25-39 years,Technical,Fair,I am not OK,I need to get my full salary without the unlawful government deductions,Work/job related stressors,,Financial constraints,,,,,,,No,Yes,Not at all,Not so often,No,No,No,Yes,,,,,,,,,,,,,,,,,,
114737810460.0,I Agree,Female,25-39 years,Ground Operations,Fair,I’m just there,,Work/job related stressors,Emotional intelligence,Financial constraints,,Substance and Drug Dependence,,,,,Not Sure,Yes,Not so often,Not so often,No,No,No,Not Sure,Few months ago,Few months ago,Once in a while,Few months ago,7 - 9,Good,More than once everyday,Once in a few weeks,I keep my issues to myself,,Average degree of social support from family and friends is given or potentially available.,No,Group session,,Yes,,,
114737737216.0,I Agree,Female,50+ years,Ground Operations,Excellent,I’m just there,Nil,Work/job related stressors,,,,,,,,,No,Yes,Not at all,Not so often,No,No,No,Not Sure,Few weeks ago,Few months ago,Once in a while,I don't remember,4 - 6,Bad,Never,Once everyday,I keep my issues to myself,,"Below average degree of social support (While some support is available, it's not consistently available).",Yes,One on One session,,No,,,No
114737733379.0,I Agree,Female,25-39 years,Ground Operations,,,,,,,,,,,,,,,,,,,,,,,,,,,,,,,,,,,,,,
114737706255.0,I Agree,Female,25-39 years,Ground Operations,Fair,I’m just there,"Am just there, I just feel too neglected by those that I trust",,,,Trauma,,,Unresolved Childhood Difficulties,Anxiety and Depression,,Not Sure,Yes,Not so often,Very often,No,Yes,No,No,Few years ago,Few months ago,Most of the time,Few months ago,4 - 6,Bad,Once in a few weeks,Once in a few weeks,I keep my issues to myself,,"Below average degree of social support (While some support is available, it's not consistently available).",Yes,Pamphlets and nuggets,,Yes,Yes,Yes  I have used the service before.,No
114737606132.0,I Agree,Male,50+ years,Technical,Very Good,I am OK and coping well,nil,Work/job related stressors,,,,,,,,,No,Yes,Not so often,Not at all,No,No,No,Yes,Few days ago,Few days ago,Always,Few days ago,7 - 9,Good,Never,Never,I engage relatives and friends,I SHARE WITH MY SPOUSE AND I GET RELIEVED,"High degree of social support (Much support is either given or is available, if needed, from family and friends).",Yes,Pamphlets and nuggets,,Yes,No,SO FAR DONT SEE THE NEED,No
114737676725.0,I Agree,Male,40-49 years,Flight Operations,Good,I am OK and coping well,,Work/job related stressors,Emotional intelligence,Financial constraints,,Substance and Drug Dependence,Relationship Difficulties,,Anxiety and Depression,,Not Sure,Not Sure,Not at all,Not so often,No,No,Not sure,Yes,Few days ago,Few days ago,Most of the time,Few days ago,7 - 9,OK,Never,Once in a few weeks,I keep my issues to myself,,Average degree of social support from family and friends is given or potentially available.,Yes,Online,,Yes,No,,No
114737672221.0,I Agree,Female,25-39 years,Flight Operations,,,,,,,,,,,,,,,,,,,,,,,,,,,,,,,,,,,,,,
114737654450.0,I Agree,Male,40-49 years,Ground Operations,Good,I am OK and coping well,,Work/job related stressors,,Financial constraints,,,,,,,No,No,Not at all,Not at all,No,No,No,Yes,Few weeks ago,Few weeks ago,Once in a while,Few days ago,4 - 6,Very Good,Never,Never,I seek help from my religious leader,,Above average degree of social support (Given or potentially available from family and friends).,Yes,One on One session,,Yes,No,,Yes
114737650324.0,I Agree,Male,25-39 years,Ground Operations,Excellent,I am OK and coping well,na,,,Financial constraints,,,,,,,No,Yes,Not so often,Not so often,No,No,No,Yes,Few days ago,Few days ago,Always,Few days ago,7 - 9,Good,Never,Never,I seek help from my religious leader,,Above average degree of social support (Given or potentially available from family and friends).,No,One on One session,,No,,,Yes
114737633247.0,I Agree,Female,18-24 years,Ground Operations,Very Good,I am OK and coping well,,Work/job related stressors,Emotional intelligence,,,,,,Anxiety and Depression,,No,Yes,Not so often,Not so often,No,No,No,No,Few weeks ago,Few weeks ago,Most of the time,Few months ago,7 - 9,Good,Never,Once in a few weeks,I engage relatives and friends,,Above average degree of social support (Given or potentially available from family and friends).,No,One on One session,,No,,,No
114737637797.0,I Agree,Male,40-49 years,Managing Director's Office,,,,,,,,,,,,,,,,,,,,,,,,,,,,,,,,,,,,,,
114737624122.0,I Agree,Male,40-49 years,Managing Director's Office,Good,I am not OK,Cancelling ,,,,,,Relationship Difficulties,,,,Yes,No,Not so often,Very often,No,No,No,No,Few days ago,Few days ago,Most of the time,Few days ago,4 - 6,OK,Once in a few weeks,Once in a few weeks,I engage relatives and friends,,Average degree of social support from family and friends is given or potentially available.,No,Online,,Yes,No,I am yet to decide ,Yes
114737576212.0,I Agree,Female,40-49 years,Commercial,Poor,I need support,I feel depressed,,,,,,,,Anxiety and Depression,,Yes,Yes,Very often,Very often,No,No,No,No,Few months ago,Few months ago,Most of the time,Few months ago,4 - 6,OK,Never,Once in a few weeks,I engage relatives and friends,share with my husband,"High degree of social support (Much support is either given or is available, if needed, from family and friends).",Yes,Online,emails,Yes,No,I am just feeling the need now.,Yes
114737568867.0,I Agree,Female,25-39 years,Cargo,Good,I’m just there,,Work/job related stressors,,,,,Relationship Difficulties,Unresolved Childhood Difficulties,,,Yes,Not Sure,Not so often,Somewhat often,No,No,No,No,Few days ago,Few days ago,Most of the time,Few weeks ago,4 - 6,OK,Never,Never,I keep my issues to myself,i pray,Average degree of social support from family and friends is given or potentially available.,Yes,One on One session,,Yes,No,time constraints,No
114737571722.0,I Agree,Female,40-49 years,Ground Operations,,,,,,,,,,,,,,,,,,,,,,,,,,,,,,,,,,,,,,
114737542132.0,I Agree,Male,25-39 years,Cargo,Very Good,I am OK and coping well,,Work/job related stressors,Emotional intelligence,Financial constraints,,,Relationship Difficulties,,,,Not Sure,Not Sure,Not so often,Somewhat often,No,No,Yes,Yes,Few weeks ago,Few weeks ago,Most of the time,Few days ago,7 - 9,OK,Once everyday,Once in a few weeks,I keep my issues to myself,,"Below average degree of social support (While some support is available, it's not consistently available).",Yes,Online,,Yes,No,,No
114737524205.0,I Agree,Male,40-49 years,Technical,Good,I am OK and coping well,,Work/job related stressors,,,,,,,,,No,No,Not at all,Not at all,No,No,No,Yes,Few days ago,Few days ago,Most of the time,Few days ago,4 - 6,OK,Never,Never,I engage relatives and friends,,Above average degree of social support (Given or potentially available from family and friends).,No,Pamphlets and nuggets,,Yes,No,No interest ,No
114737513674.0,I Agree,Male,40-49 years,Ground Operations,Good,I am OK and coping well,,Work/job related stressors,,Financial constraints,,,,,Anxiety and Depression,,No,No,Not at all,Not so often,No,Yes,No,Yes,Few weeks ago,Few weeks ago,Always,Few days ago,4 - 6,Good,Never,Once in a few weeks,I engage relatives and friends,,"Below average degree of social support (While some support is available, it's not consistently available).",No,One on One session,one on one and also online,Yes,No,i have never been seriously affected,No
114737510253.0,I Agree,Male,40-49 years,Flight Operations,Very Good,I am OK and coping well,,Work/job related stressors,,Financial constraints,,Substance and Drug Dependence,Relationship Difficulties,,,,No,No,Not so often,Not at all,No,No,No,Yes,Few years ago,Few years ago,Most of the time,Few weeks ago,7 - 9,Good,Never,Once everyday,I engage relatives and friends,,Above average degree of social support (Given or potentially available from family and friends).,No,Online,,Yes,No,I have not experienced a mental breakdown althought i am aware this can happen and am sure to seek help where need be.,No
114737504187.0,I Agree,Male,40-49 years,Managing Director's Office,Good,I’m just there,,Work/job related stressors,,Financial constraints,,Substance and Drug Dependence,,,,,Not Sure,Not Sure,Somewhat often,Somewhat often,No,No,No,Not Sure,Few years ago,Few years ago,Once in a while,Few years ago,4 - 6,Good,Never,Once in a few weeks,I engage relatives and friends,,"Below average degree of social support (While some support is available, it's not consistently available).",No,Pamphlets and nuggets,,No,,,Yes
114737485446.0,I Agree,Female,25-39 years,Technical,Fair,I am not OK,"honestly, just a way to sort out impending debts that have really crashed me down",,,Financial constraints,,,,,,,Yes,Not Sure,Not so often,Somewhat often,No,No,No,Yes,I don't remember,Few months ago,Once in a while,Few years ago,7 - 9,OK,Never,Once in a few weeks,I engage relatives and friends,,"Below average degree of social support (While some support is available, it's not consistently available).",Yes,One on One session,,No,,,Yes
114737485986.0,I Agree,Male,40-49 years,Cargo,Good,I am OK and coping well,,Work/job related stressors,,Financial constraints,,,,,,,Not Sure,No,Somewhat often,Somewhat often,No,No,No,No,Few days ago,Few days ago,Once in a while,Few days ago,7 - 9,Good,Never,Never,I seek help from my religious leader,,Average degree of social support from family and friends is given or potentially available.,No,One on One session,,Yes,No,,No
114737481763.0,I Agree,Female,25-39 years,Flight Operations,Good,I am OK and coping well,,Work/job related stressors,,,,,,,,,No,No,Not so often,Not so often,No,No,No,Yes,,,,,,,,,,,,,,,,,,
114737487509.0,I Agree,Female,40-49 years,Commercial,,,,,,,,,,,,,,,,,,,,,,,,,,,,,,,,,,,,,,
114737433353.0,I Agree,Female,25-39 years,Finance,Good,I am OK and coping well,,Work/job related stressors,,,,,,,Anxiety and Depression,,No,No,Not at all,Not at all,No,Yes,No,Yes,Few days ago,Few days ago,Most of the time,Few days ago,4 - 6,Very Good,Never,Once in a few weeks,I seek help from a processional counselor,,"High degree of social support (Much support is either given or is available, if needed, from family and friends).",Yes,Group session,,Yes,No,New staff.,No
114737466949.0,I Agree,Female,40-49 years,Managing Director's Office,Good,I am OK and coping well,,Work/job related stressors,,,,,,,Anxiety and Depression,,Yes,Yes,Not so often,Not so often,No,No,No,No,,,,,,,,,,,,,,,,,,
114737464782.0,I Agree,Male,50+ years,Ground Operations,Excellent,I am OK and coping well,,Work/job related stressors,,,,,,,,,No,No,Not at all,Not at all,No,No,No,Yes,Few days ago,Few days ago,Always,Few days ago,7 - 9,Good,Never,Never,I engage relatives and friends,,Above average degree of social support (Given or potentially available from family and friends).,Yes,Online,,Yes,No,I think due to time ,No
114737448975.0,I Agree,Female,25-39 years,Finance,Very Good,I am OK and coping well,,Work/job related stressors,Emotional intelligence,,,,,,,,Not Sure,Not Sure,Not at all,Not at all,No,No,Not sure,Yes,Few days ago,Few days ago,Most of the time,Few days ago,4 - 6,Good,Never,Never,I engage relatives and friends,"Also, I listen to music, crochet and sleep",Average degree of social support from family and friends is given or potentially available.,Yes,Online,Practical sharing,Yes,No,I have never been in a position where I needed such services,No
114737449322.0,I Agree,Female,40-49 years,Commercial,Very Good,I am OK and coping well,nill,,,,,,Relationship Difficulties,,,,No,No,Not at all,Not at all,No,No,Yes,No,Few days ago,Few days ago,Always,Few days ago,7 - 9,Good,Never,Never,I engage relatives and friends,,Above average degree of social support (Given or potentially available from family and friends).,No,Online,,Yes,No,I have not experienced a situation that requires me to access the service.,Yes
114737445388.0,I Agree,Female,25-39 years,Flight Operations,Very Good,I am OK and coping well,,,Emotional intelligence,Financial constraints,,,Relationship Difficulties,,Anxiety and Depression,,Not Sure,No,Not at all,Not at all,No,No,No,Yes,Few days ago,Few days ago,Always,Few days ago,7 - 9,Good,Never,Once in a few weeks,I engage relatives and friends,,Above average degree of social support (Given or potentially available from family and friends).,Yes,Online,,Yes,No,,No
114737444297.0,I Agree,Male,40-49 years,Flight Operations,Good,I am OK and coping well,I need leave ,Work/job related stressors,,Financial constraints,Trauma,,,,Anxiety and Depression,,Not Sure,Not Sure,Not so often,Somewhat often,Yes,Yes,No,Not Sure,Few years ago,Few years ago,Most of the time,Few months ago,7 - 9,OK,More than once everyday,Never,I keep my issues to myself,,"Below average degree of social support (While some support is available, it's not consistently available).",Yes,Pamphlets and nuggets,,Yes,Yes,,No
114737436805.0,I Agree,Female,25-39 years,Cargo,Very Good,I am OK and coping well,N/a,Work/job related stressors,,Financial constraints,,,,,,,Not Sure,No,Not at all,Not at all,No,No,No,Yes,Few years ago,Few weeks ago,Most of the time,I don't remember,7 - 9,OK,Never,Never,I engage relatives and friends,,Above average degree of social support (Given or potentially available from family and friends).,No,One on One session,,Yes,Yes,I have,Yes
114737439656.0,I Agree,Male,25-39 years,Flight Operations,Good,I am OK and coping well,,,,Financial constraints,Trauma,Substance and Drug Dependence,,Unresolved Childhood Difficulties,,,No,Yes,Not at all,Somewhat often,No,No,No,Not Sure,Few days ago,Few days ago,Always,Few days ago,4 - 6,OK,Never,Once in a few weeks,I engage relatives and friends,,"High degree of social support (Much support is either given or is available, if needed, from family and friends).",Yes,One on One session,,Yes,No,Not needed at the time my coping mechanisms are in place and my support system of 10 plus years is readily available and easily accessible worldwide ,Yes
114737438198.0,I Agree,Male,50+ years,Ground Operations,,,,,,,,,,,,,,,,,,,,,,,,,,,,,,,,,,,,,,
114737431215.0,I Agree,Female,25-39 years,Ground Operations,,,,,,,,,,,,,,,,,,,,,,,,,,,,,,,,,,,,,,
114737428817.0,I Agree,Female,25-39 years,Ground Operations,Good,I am OK and coping well,,Work/job related stressors,Emotional intelligence,,,,,,Anxiety and Depression,,No,Yes,Not so often,Not at all,No,Yes,No,Yes,Few days ago,Few days ago,Most of the time,Few days ago,4 - 6,Very Good,Never,Once in a few weeks,I keep my issues to myself,,Above average degree of social support (Given or potentially available from family and friends).,No,Pamphlets and nuggets,,Yes,Yes,,No
114737414995.0,I Agree,Female,25-39 years,Technical,Good,I’m just there,,Work/job related stressors,,,,,,,Anxiety and Depression,,No,No,Not at all,Not at all,No,No,No,Yes,Few days ago,I don't remember,Most of the time,Few days ago,4 - 6,OK,Never,Once in a few weeks,I engage relatives and friends,,"High degree of social support (Much support is either given or is available, if needed, from family and friends).",Yes,Online,,Yes,No,i don't think i have ever needed to,No
114737411128.0,I Agree,Male,25-39 years,Technical,Good,I am OK and coping well,,Work/job related stressors,,Financial constraints,,,,,,,No,No,Not at all,Not at all,No,No,No,Yes,Few days ago,Few days ago,Most of the time,Few weeks ago,7 - 9,OK,Never,Once in a few weeks,I engage relatives and friends,,Above average degree of social support (Given or potentially available from family and friends).,Yes,Online,,Yes,No,Not needed yet,No
114737328601.0,I Agree,Male,25-39 years,Finance,Fair,I am OK and coping well,,Work/job related stressors,Emotional intelligence,Financial constraints,,Substance and Drug Dependence,,,Anxiety and Depression,,No,No,Somewhat often,Not so often,No,No,No,Yes,Few days ago,Few days ago,Most of the time,Few days ago,7 - 9,OK,Never,Never,I engage relatives and friends,,Average degree of social support from family and friends is given or potentially available.,Yes,Group session,,No,,,No
114737409707.0,I Agree,Male,40-49 years,Ground Operations,Good,I am OK and coping well,None ,Work/job related stressors,,,,,,,,,No,No,Not at all,Not at all,No,No,No,No,Few days ago,Few days ago,Always,Few days ago,4 - 6,Very Bad,Never,Never,I seek help from my religious leader,,"High degree of social support (Much support is either given or is available, if needed, from family and friends).",Yes,Online,,Yes,No,No need,No
114737410725.0,I Agree,Female,25-39 years,Flight Operations,,,,,,,,,,,,,,,,,,,,,,,,,,,,,,,,,,,,,,
114737405181.0,I Agree,Female,25-39 years,"Corporate Quality, Safety & Environment",Poor,I’m just there,Someone to talk to ,Work/job related stressors,Emotional intelligence,,Trauma,Substance and Drug Dependence,Relationship Difficulties,Unresolved Childhood Difficulties,Anxiety and Depression,,Yes,Yes,Somewhat often,Somewhat often,Not Sure,Yes,Not sure,No,I don't remember,I don't remember,Once in a while,I don't remember,7 - 9,OK,Never,Once in a few weeks,I engage relatives and friends,,"Below average degree of social support (While some support is available, it's not consistently available).",Yes,One on One session,,Yes,Yes,,Yes
114737405727.0,I Agree,Male,25-39 years,Managing Director's Office,Good,I am OK and coping well,,,Emotional intelligence,,,,,,,,No,Yes,Not so often,Not so often,No,No,No,Yes,Few days ago,Few days ago,Always,Few days ago,4 - 6,OK,Never,Never,I engage relatives and friends,,"High degree of social support (Much support is either given or is available, if needed, from family and friends).",Yes,Pamphlets and nuggets,,Yes,No,,No
114737400197.0,I Agree,Female,40-49 years,Ground Operations,Good,I’m just there,Have briefing sessions for venting,Work/job related stressors,Emotional intelligence,Financial constraints,Trauma,,,Unresolved Childhood Difficulties,Anxiety and Depression,,Not Sure,Yes,Somewhat often,Somewhat often,No,No,No,Yes,I don't remember,I don't remember,Once in a while,I don't remember,4 - 6,OK,Never,Never,I keep my issues to myself,,"Below average degree of social support (While some support is available, it's not consistently available).",Yes,One on One session,,Yes,Yes,,No
114737394420.0,I Agree,Male,50+ years,Ground Operations,Excellent,I am OK and coping well,nil,,Emotional intelligence,Financial constraints,,,,,,,No,No,Not at all,Not at all,No,No,No,Yes,Few weeks ago,Few weeks ago,Always,Few days ago,4 - 6,Good,Never,Never,I seek help from my religious leader,,"High degree of social support (Much support is either given or is available, if needed, from family and friends).",Yes,One on One session,,Yes,No,No pressing issues that require counseling.,Yes
114737401796.0,I Agree,Female,25-39 years,Cargo,,,,,,,,,,,,,,,,,,,,,,,,,,,,,,,,,,,,,,
114737398709.0,I Agree,Male,40-49 years,Flight Operations,Excellent,I am OK and coping well,,Work/job related stressors,Emotional intelligence,Financial constraints,Trauma,Substance and Drug Dependence,Relationship Difficulties,,Anxiety and Depression,,No,No,Not at all,Not at all,No,No,No,Yes,Few days ago,Few days ago,Most of the time,I don't remember,4 - 6,Bad,Never,Once in a few weeks,I engage relatives and friends,,Above average degree of social support (Given or potentially available from family and friends).,Yes,Online,,Yes,No,Failure rate 99% Relapses normal ,No
114737397155.0,I Agree,Female,25-39 years,Ground Operations,Good,I am OK and coping well,,Work/job related stressors,,Financial constraints,,,,,,,No,No,Not so often,Not so often,No,No,No,Yes,Few days ago,Few days ago,Once in a while,Few months ago,4 - 6,Very Good,Never,Once in a few weeks,I engage relatives and friends,,"High degree of social support (Much support is either given or is available, if needed, from family and friends).",No,Group session,,No,,,No
114737396083.0,I Agree,Male,25-39 years,Flight Operations,Very Good,I am OK and coping well,,,,,,,,,,NONE,No,No,Not at all,Not at all,No,No,No,Yes,Few days ago,Few days ago,Always,Few days ago,7 - 9,Very Good,Never,Once in a few weeks,I engage relatives and friends,,"High degree of social support (Much support is either given or is available, if needed, from family and friends).",No,One on One session,,Yes,No,There has been no upcoming or reason to visit,No
114737391119.0,I Agree,Female,25-39 years,Managing Director's Office,Good,I’m just there,,,,Financial constraints,Trauma,,,,,,No,Not Sure,Not at all,Very often,No,No,No,No,I don't remember,I don't remember,Once in a while,I don't remember,Less than 4,OK,Never,Never,I keep my issues to myself,,No support or potential support is available from either family or friends,No,Online,,No,,,No
114737389373.0,I Agree,Male,40-49 years,Cargo,Very Good,I am OK and coping well,,Work/job related stressors,Emotional intelligence,Financial constraints,Trauma,Substance and Drug Dependence,Relationship Difficulties,Unresolved Childhood Difficulties,Anxiety and Depression,,No,No,Not at all,Not at all,No,No,No,Yes,Few months ago,Few days ago,Most of the time,Few days ago,4 - 6,Very Bad,Never,Once in a few weeks,I keep my issues to myself,,"Below average degree of social support (While some support is available, it's not consistently available).",Yes,One on One session,,Yes,Yes,,Yes
114737387732.0,I Agree,Female,25-39 years,Information Technology,Fair,I need support,Therapy,,Emotional intelligence,Financial constraints,Trauma,,Relationship Difficulties,,,,No,Yes,Not so often,Not so often,No,No,No,Not Sure,Few years ago,Few weeks ago,About half the time,Few months ago,7 - 9,Good,Never,Once in a few weeks,I keep my issues to myself,,"Below average degree of social support (While some support is available, it's not consistently available).",Yes,One on One session,,Yes,No,Not necessary,Yes
114737384161.0,I Agree,Female,25-39 years,Human Resources,Very Good,I am OK and coping well,,Work/job related stressors,,,,,,,,,No,No,Not at all,Not at all,No,No,No,Yes,Few days ago,Few days ago,Most of the time,Few days ago,4 - 6,OK,Never,Never,I keep my issues to myself,I Pray,Average degree of social support from family and friends is given or potentially available.,No,Online,,Yes,No,I just saw it on email recently.,Yes
114737330811.0,I Agree,Male,40-49 years,Flight Operations,Very Good,I am OK and coping well,,,Emotional intelligence,,,,,,,,No,No,Not at all,Not at all,No,No,No,Yes,I don't remember,Few days ago,Always,Few days ago,7 - 9,Very Good,Never,Never,I keep my issues to myself,,No support or potential support is available from either family or friends,Yes,Online,,Yes,No,Don’t need it,No
114737331737.0,I Agree,Female,40-49 years,Technical,Fair,I am OK and coping well,NOT YET DECIDED,Work/job related stressors,Emotional intelligence,Financial constraints,,,,Unresolved Childhood Difficulties,,,No,No,Not at all,Not at all,No,No,No,No,Few days ago,Few days ago,Most of the time,Few days ago,4 - 6,Good,Never,Never,I seek for available options online,secondly i keep to myself,No support or potential support is available from either family or friends,No,Online,,Yes,Yes,,Yes
114737381114.0,I Agree,Male,25-39 years,Technical,Fair,I’m just there,,Work/job related stressors,,,,,Relationship Difficulties,,,,Not Sure,Not Sure,Not so often,Somewhat often,No,No,No,No,Few months ago,Few months ago,Once in a while,Few weeks ago,4 - 6,Bad,Never,Never,I keep my issues to myself,,No support or potential support is available from either family or friends,Yes,One on One session,,Yes,No,,Yes
114737374879.0,I Agree,Male,40-49 years,Ground Operations,Excellent,I am OK and coping well,,Work/job related stressors,Emotional intelligence,Financial constraints,,,,,,,Yes,Yes,Not at all,Not so often,No,No,No,Yes,Few days ago,Few days ago,Always,Few days ago,4 - 6,OK,Never,Once everyday,I engage relatives and friends,,Above average degree of social support (Given or potentially available from family and friends).,Yes,Pamphlets and nuggets,,Yes,No,THE TIME I NEEDED IT I DINT KNOW THAT IT EXISTED,Yes
114737379350.0,I Agree,Male,40-49 years,Ground Operations,,,,,,,,,,,,,,,,,,,,,,,,,,,,,,,,,,,,,,
114737375375.0,I Agree,Female,40-49 years,Finance,Good,I am not OK,,,,,,,,,Anxiety and Depression,,Yes,Yes,Not at all,Not at all,No,No,No,No,Few weeks ago,Few days ago,Always,Few days ago,4 - 6,OK,Never,Never,I engage relatives and friends,,"High degree of social support (Much support is either given or is available, if needed, from family and friends).",Yes,Online,,Yes,No,"no reason ,its not yet time",No
114737376056.0,I Agree,Female,25-39 years,Managing Director's Office,Excellent,I am OK and coping well,,Work/job related stressors,Emotional intelligence,Financial constraints,Trauma,Substance and Drug Dependence,Relationship Difficulties,Unresolved Childhood Difficulties,Anxiety and Depression,,No,Yes,Not so often,Not at all,No,No,No,Yes,Few days ago,Few days ago,Most of the time,Few months ago,4 - 6,OK,Never,Never,I engage relatives and friends,,"High degree of social support (Much support is either given or is available, if needed, from family and friends).",Yes,Online,,No,,,No
114737374724.0,I Agree,Female,40-49 years,Finance,Fair,I’m just there,counselling,Work/job related stressors,Emotional intelligence,Financial constraints,,,Relationship Difficulties,,Anxiety and Depression,,Yes,Yes,Somewhat often,Somewhat often,Yes,Yes,No,Yes,Few months ago,Few years ago,Once in a while,Few months ago,4 - 6,Good,Never,Once in a few weeks,I keep my issues to myself,,Average degree of social support from family and friends is given or potentially available.,Yes,Group session,,Yes,Yes,,Yes
114737375244.0,I Agree,Male,25-39 years,Finance,Good,I am OK and coping well,,Work/job related stressors,Emotional intelligence,Financial constraints,Trauma,Substance and Drug Dependence,Relationship Difficulties,,Anxiety and Depression,,Not Sure,Yes,Not so often,Very often,No,No,No,Not Sure,Few days ago,Few days ago,Most of the time,Few days ago,4 - 6,Good,Never,Once in a few weeks,I keep my issues to myself,,Average degree of social support from family and friends is given or potentially available.,No,Online,,Yes,Yes,,Yes
114737372621.0,I Agree,Female,25-39 years,Managing Director's Office,Poor,I am not OK,,Work/job related stressors,,,,,,,,,Yes,Yes,Very often,Very often,No,No,No,Yes,Few years ago,Few years ago,Once in a while,I don't remember,4 - 6,Bad,Never,Never,I engage relatives and friends,,"High degree of social support (Much support is either given or is available, if needed, from family and friends).",Yes,One on One session,,Yes,No,I am scared of being victimised just like i have experienced before while accesing other avenues of help at kq,Yes
114737371835.0,I Agree,Female,25-39 years,Commercial,Poor,I need support,I already have support,Work/job related stressors,Emotional intelligence,Financial constraints,Trauma,Substance and Drug Dependence,,Unresolved Childhood Difficulties,Anxiety and Depression,ADHD and MDD(MAJOR DEPRESSIVE DISORDER),Yes,Yes,Not so often,Somewhat often,Yes,Yes,Yes,Not Sure,I don't remember,I don't remember,Never,Few years ago,Less than 4,Bad,Never,Once in a few weeks,I keep my issues to myself,,"Below average degree of social support (While some support is available, it's not consistently available).",No,One on One session,,No,,,No
114737344645.0,I Agree,Female,25-39 years,Flight Operations,Excellent,I am OK and coping well,,Work/job related stressors,,Financial constraints,,,Relationship Difficulties,,,,No,No,Not at all,Not so often,No,Yes,No,Yes,Few days ago,Few days ago,Always,Few days ago,9+,Very Good,Never,Never,I seek help from a processional counselor,Family and close friends,"High degree of social support (Much support is either given or is available, if needed, from family and friends).",Yes,Online,,Yes,Yes,,Yes
114737370615.0,I Agree,Female,25-39 years,Information Technology,Good,I am not OK,,Work/job related stressors,Emotional intelligence,,,,,,,,No,Yes,Somewhat often,Somewhat often,No,Yes,No,Yes,Few days ago,Few days ago,Once in a while,Few days ago,4 - 6,OK,Never,Once in a few weeks,I engage relatives and friends,,Above average degree of social support (Given or potentially available from family and friends).,Yes,Online,,Yes,Yes,,No
114737369094.0,I Agree,Female,50+ years,Human Resources,Excellent,I am OK and coping well,,Work/job related stressors,,,,,,,,,No,No,Not at all,Not at all,No,No,No,Yes,Few days ago,Few days ago,Always,Few days ago,4 - 6,Good,Never,Never,I engage relatives and friends,,Above average degree of social support (Given or potentially available from family and friends).,Yes,Online,,Yes,,,
114737368133.0,I Agree,Female,25-39 years,"Corporate Quality, Safety & Environment",Good,I am OK and coping well,,Work/job related stressors,Emotional intelligence,Financial constraints,Trauma,Substance and Drug Dependence,Relationship Difficulties,Unresolved Childhood Difficulties,Anxiety and Depression,,Yes,Yes,Not so often,Not so often,No,No,No,No,Few days ago,Few days ago,Most of the time,Few days ago,4 - 6,Good,Never,Never,I engage relatives and friends,,"High degree of social support (Much support is either given or is available, if needed, from family and friends).",No,One on One session,,Yes,No,no need,No
114737368314.0,I Agree,Female,25-39 years,Flight Operations,Fair,I’m just there,I don't know,Work/job related stressors,Emotional intelligence,Financial constraints,Trauma,Substance and Drug Dependence,Relationship Difficulties,Unresolved Childhood Difficulties,Anxiety and Depression,,Not Sure,Yes,Not so often,Somewhat often,No,No,No,No,Few days ago,Few days ago,Once in a while,Few days ago,4 - 6,Bad,Never,Once in a few weeks,I keep my issues to myself,,"Below average degree of social support (While some support is available, it's not consistently available).",No,Pamphlets and nuggets,,Yes,No,I don't trust pple,No
114737369299.0,I Agree,Female,40-49 years,Flight Operations,,,,,,,,,,,,,,,,,,,,,,,,,,,,,,,,,,,,,,
114737365810.0,I Agree,Female,25-39 years,Flight Operations,Very Good,I am OK and coping well,Financial management ,Work/job related stressors,,Financial constraints,,,Relationship Difficulties,,,,No,No,Not at all,Not so often,No,No,No,Not Sure,Few days ago,Few days ago,Most of the time,Few days ago,7 - 9,Very Good,Never,Never,I keep my issues to myself,,No support or potential support is available from either family or friends,Yes,Online,Online and one on one,Yes,No,I don't know about the proper channel to access it.   ,Yes
114737364803.0,I Agree,Female,40-49 years,Flight Operations,Fair,I’m just there,Better working environment,Work/job related stressors,Emotional intelligence,,,,,,Anxiety and Depression,,Yes,Yes,Not so often,Not so often,No,Yes,No,Yes,Few days ago,Few days ago,Most of the time,Few days ago,4 - 6,OK,More than once everyday,Once in a few weeks,I keep my issues to myself,,Above average degree of social support (Given or potentially available from family and friends).,Yes,Online,,Yes,Yes,"Not applicable, I have accessed Counselling",No
114737365335.0,I Agree,Male,40-49 years,Human Resources,Excellent,I am OK and coping well,,Work/job related stressors,Emotional intelligence,Financial constraints,Trauma,Substance and Drug Dependence,Relationship Difficulties,Unresolved Childhood Difficulties,Anxiety and Depression,,Not Sure,No,Not so often,Somewhat often,No,No,No,Yes,Few days ago,Few days ago,Most of the time,Few days ago,7 - 9,OK,Never,Once everyday,I keep my issues to myself,,"High degree of social support (Much support is either given or is available, if needed, from family and friends).",No,Online,,Yes,No,Not applicable,Yes
114737367730.0,I Agree,Female,25-39 years,Flight Operations,,,,,,,,,,,,,,,,,,,,,,,,,,,,,,,,,,,,,,
114737364664.0,I Agree,Male,25-39 years,Human Resources,Fair,I’m just there,Maneuvering stress at work especially when it exceeds to my off work area (home),Work/job related stressors,,,,Substance and Drug Dependence,,Unresolved Childhood Difficulties,,,Not Sure,Yes,Somewhat often,Very often,No,No,No,Not Sure,Few months ago,Few months ago,Once in a while,Few months ago,4 - 6,Not Sure,Once everyday,Once in a few weeks,I go to the pub and drink,,Above average degree of social support (Given or potentially available from family and friends).,No,One on One session,,Yes,No,I am sure I can get over this,Yes
114737365033.0,I Agree,Female,25-39 years,Commercial,Good,I am OK and coping well,,Work/job related stressors,Emotional intelligence,,,,,,,,Yes,Yes,Not at all,Very often,No,No,No,Yes,Few months ago,Few months ago,Most of the time,Few months ago,Less than 4,Not Sure,Never,Never,I keep my issues to myself,,Average degree of social support from family and friends is given or potentially available.,Yes,Online,,Yes,,,
114737367210.0,I Agree,Female,25-39 years,Flight Operations,,,,,,,,,,,,,,,,,,,,,,,,,,,,,,,,,,,,,,
114737360065.0,I Agree,Female,50+ years,Human Resources,Good,I’m just there,I am planning burial for a relative thats why currently am hanging in htere,Work/job related stressors,Emotional intelligence,Financial constraints,Trauma,,Relationship Difficulties,Unresolved Childhood Difficulties,Anxiety and Depression,,Yes,Yes,Not so often,Not so often,No,No,No,Not Sure,Few days ago,Few days ago,Most of the time,Few days ago,4 - 6,Good,Never,Never,I engage relatives and friends,I talk to my husband who is also a confidant and a few good friends,Above average degree of social support (Given or potentially available from family and friends).,Yes,Group session,"Both group sessions, online and one on one sessions would be ok",Yes,No,I do not have a concern to neccessitate EAP assistance,No
114737360914.0,I Agree,Female,25-39 years,Managing Director's Office,Good,I am OK and coping well,,Work/job related stressors,Emotional intelligence,,Trauma,,Relationship Difficulties,,Anxiety and Depression,,No,Yes,Very often,Very often,No,No,No,Yes,Few days ago,Few days ago,Most of the time,Few days ago,4 - 6,Good,Never,Never,I keep my issues to myself,,Average degree of social support from family and friends is given or potentially available.,Yes,One on One session,,Yes,No,,Yes
114737364132.0,I Agree,Male,40-49 years,Finance,Good,I am OK and coping well,,,Emotional intelligence,,,Substance and Drug Dependence,,,,,No,No,Not at all,Not so often,No,No,No,Yes,Few days ago,Few days ago,Always,Few days ago,,,,,,,,,,,,,,
114737353170.0,I Disagree,Male,50+ years,Flight Operations,Good,I’m just there,,Work/job related stressors,,,,,Relationship Difficulties,,Anxiety and Depression,,Yes,Yes,Somewhat often,Somewhat often,No,No,No,Not Sure,Few months ago,I don't remember,Once in a while,Few months ago,7 - 9,Good,Never,Once everyday,I keep my issues to myself,,"Below average degree of social support (While some support is available, it's not consistently available).",Yes,Online,,Yes,,,
114737358311.0,I Agree,Female,25-39 years,Ground Operations,Good,I am OK and coping well,,Work/job related stressors,Emotional intelligence,Financial constraints,Trauma,,,,Anxiety and Depression,,Not Sure,No,Not so often,Not at all,No,No,No,Not Sure,Few months ago,Few days ago,Most of the time,Few days ago,7 - 9,Good,Never,Once in a few weeks,I keep my issues to myself,,Average degree of social support from family and friends is given or potentially available.,No,Pamphlets and nuggets,,Yes,No,I have not given it a thought ,Yes
114737358329.0,I Agree,Female,25-39 years,Flight Operations,Good,I am OK and coping well,,Work/job related stressors,,Financial constraints,,,Relationship Difficulties,Unresolved Childhood Difficulties,Anxiety and Depression,,No,Yes,Somewhat often,Not so often,No,No,No,Yes,Few weeks ago,Few weeks ago,Most of the time,Few days ago,7 - 9,Bad,Never,Never,I keep my issues to myself,,Above average degree of social support (Given or potentially available from family and friends).,Yes,One on One session,,Yes,No,Am okay,No
114737359393.0,I Agree,Female,40-49 years,Managing Director's Office,,,,,,,,,,,,,,,,,,,,,,,,,,,,,,,,,,,,,,
114737354975.0,I Agree,Female,25-39 years,Corporate Communications & Public Affairs,Very Good,I am OK and coping well,,,Emotional intelligence,,,Substance and Drug Dependence,,,,,No,No,Not at all,Not at all,No,Yes,Yes,Yes,Few days ago,Few days ago,Most of the time,Few days ago,7 - 9,Very Good,Never,Never,I engage relatives and friends,,"High degree of social support (Much support is either given or is available, if needed, from family and friends).",No,Online,,Yes,No,Hadn't had a reason to,No
114737356521.0,I Agree,Female,50+ years,Human Resources,,,,,,,,,,,,,,,,,,,,,,,,,,,,,,,,,,,,,,
114737351830.0,I Agree,Female,25-39 years,Flight Operations,Good,I am OK and coping well,,Work/job related stressors,,Financial constraints,Trauma,,Relationship Difficulties,,,,Yes,Yes,Not so often,Not so often,No,Yes,No,Yes,Few days ago,Few days ago,Most of the time,Few days ago,4 - 6,Bad,Never,Once in a few weeks,I engage relatives and friends,,"High degree of social support (Much support is either given or is available, if needed, from family and friends).",Yes,Online,,Yes,Yes,,No
114737348012.0,I Agree,Female,40-49 years,Information Technology,Fair,I am OK and coping well,,Work/job related stressors,Emotional intelligence,,,,,,Anxiety and Depression,,No,Not Sure,Not so often,Not so often,No,No,No,No,I don't remember,I don't remember,Once in a while,I don't remember,4 - 6,Good,Never,Never,I keep my issues to myself,,"Below average degree of social support (While some support is available, it's not consistently available).",Yes,Online,,Yes,No,Fear of exposure ,No
114737349926.0,I Agree,Male,25-39 years,Information Technology,Fair,I am OK and coping well,,Work/job related stressors,,Financial constraints,,,,,,,No,Yes,Somewhat often,Somewhat often,No,No,No,No,Few months ago,I don't remember,Once in a while,Few weeks ago,4 - 6,Good,Never,Once in a few weeks,,,,,,,,,,
114737348601.0,I Agree,Female,25-39 years,Ground Operations,Very Good,I am OK and coping well,,Work/job related stressors,,Financial constraints,,,,,,,Not Sure,No,Not so often,Not at all,No,No,No,Yes,Few years ago,Few months ago,About half the time,Few months ago,4 - 6,OK,Never,Once in a few weeks,I keep my issues to myself,,Average degree of social support from family and friends is given or potentially available.,No,Online,,No,,,No
114737348817.0,I Agree,Male,40-49 years,Flight Operations,Good,I am OK and coping well,,Work/job related stressors,,Financial constraints,Trauma,,Relationship Difficulties,,,,No,No,Not so often,Not so often,No,No,No,Not Sure,Few days ago,Few days ago,Most of the time,Few days ago,7 - 9,OK,Never,Once in a few weeks,I engage relatives and friends,,Above average degree of social support (Given or potentially available from family and friends).,No,Online,,Yes,No,Haven't felt the need to use it yet,Yes
114737342273.0,I Agree,Female,40-49 years,Cargo,Good,I am OK and coping well,,Work/job related stressors,,Financial constraints,,Substance and Drug Dependence,,,,,No,No,Not at all,Not so often,No,No,No,Yes,Few days ago,Few days ago,Most of the time,Few weeks ago,7 - 9,Good,Never,Never,I engage relatives and friends,,Above average degree of social support (Given or potentially available from family and friends).,Yes,Online,,Yes,Yes,,No
114737346310.0,I Agree,Male,25-39 years,Ground Operations,Very Good,I am OK and coping well,,Work/job related stressors,,Financial constraints,,Substance and Drug Dependence,Relationship Difficulties,,Anxiety and Depression,,No,Yes,Not so often,Not so often,No,No,No,Yes,Few days ago,Few days ago,Most of the time,Few days ago,7 - 9,Good,Never,Once in a few weeks,I engage relatives and friends,,Average degree of social support from family and friends is given or potentially available.,Yes,Group session,,Yes,No,Am ok,No
114737346784.0,I Agree,Female,25-39 years,Commercial,Fair,I’m just there,,Work/job related stressors,,,,,,,,,Not Sure,Yes,Not so often,Not so often,No,No,No,Yes,Few years ago,Few years ago,Once in a while,Few months ago,4 - 6,OK,Never,Never,I keep my issues to myself,,Average degree of social support from family and friends is given or potentially available.,Yes,Online,,No,,,
114737342658.0,I Agree,Male,25-39 years,Human Resources,Good,I am OK and coping well,n/A,Work/job related stressors,Emotional intelligence,Financial constraints,,Substance and Drug Dependence,,,,,No,No,Somewhat often,Not so often,No,Yes,No,Yes,Few days ago,Few days ago,About half the time,Few weeks ago,7 - 9,Very Good,Never,Once in a few weeks,I engage relatives and friends,,Above average degree of social support (Given or potentially available from family and friends).,Yes,Group session,,Yes,Yes,,Yes
114737342962.0,I Agree,Female,40-49 years,Cargo,Good,I am OK and coping well,,Work/job related stressors,,Financial constraints,,Substance and Drug Dependence,Relationship Difficulties,Unresolved Childhood Difficulties,Anxiety and Depression,,Not Sure,Yes,Not so often,Not so often,Yes,Yes,No,Yes,Few months ago,Few years ago,Once in a while,Few weeks ago,7 - 9,Good,Never,Never,I keep my issues to myself,,Average degree of social support from family and friends is given or potentially available.,Yes,Group session,,Yes,No,No specific reason,No
114737340525.0,I Agree,Male,25-39 years,Ground Operations,Fair,I am not OK,Counseling ,Work/job related stressors,Emotional intelligence,Financial constraints,,,,,Anxiety and Depression,,Yes,Yes,Not so often,Somewhat often,No,No,No,Not Sure,Few days ago,Few days ago,Most of the time,Few days ago,4 - 6,Bad,Never,Once in a few weeks,I keep my issues to myself,,No support or potential support is available from either family or friends,No,One on One session,,No,,,No
114737341236.0,I Agree,Male,50+ years,Managing Director's Office,Good,I am OK and coping well,,Work/job related stressors,,,,,,,,,Not Sure,Yes,Somewhat often,Somewhat often,No,No,No,Yes,Few days ago,Few days ago,Most of the time,Few days ago,7 - 9,Good,Never,Never,I engage relatives and friends,,Above average degree of social support (Given or potentially available from family and friends).,Yes,Online,,Yes,No,I have never had the need to,No
114737337154.0,I Agree,Male,40-49 years,Ground Operations,Excellent,I am OK and coping well,Non,Work/job related stressors,Emotional intelligence,,,,,,,,No,No,Not at all,Not at all,No,No,No,Yes,Few days ago,Few days ago,Always,Few days ago,7 - 9,Very Good,Never,Never,I seek help from a processional counselor,,"High degree of social support (Much support is either given or is available, if needed, from family and friends).",Yes,One on One session,,Yes,No,"Most of time, online session find me either working or engaged somewhere.",Yes
114737338532.0,I Agree,Female,50+ years,Cargo,Fair,I’m just there,,Work/job related stressors,Emotional intelligence,Financial constraints,Trauma,,Relationship Difficulties,Unresolved Childhood Difficulties,Anxiety and Depression,,No,Yes,Somewhat often,Somewhat often,No,No,No,Not Sure,Few months ago,Few months ago,Once in a while,Few months ago,4 - 6,OK,Never,Never,,,,,,,,,,
114737340638.0,I Agree,Female,40-49 years,Flight Operations,Good,I am OK and coping well,N / A,Work/job related stressors,Emotional intelligence,Financial constraints,Trauma,Substance and Drug Dependence,Relationship Difficulties,Unresolved Childhood Difficulties,Anxiety and Depression,WHEN LEADERS ARE THE STRESSORS,Yes,Yes,Not at all,Very often,No,No,No,No,I don't remember,I don't remember,About half the time,Few years ago,Less than 4,Bad,Never,Never,I keep my issues to myself,OPTIONS ONLINE,"Below average degree of social support (While some support is available, it's not consistently available).",Yes,Online,,Yes,No,PRIVACY ISSUES,No
114737341021.0,I Agree,Male,25-39 years,Flight Operations,Excellent,I am OK and coping well,,Work/job related stressors,,,,,Relationship Difficulties,,,,No,No,Not at all,Not so often,No,No,No,Yes,Few days ago,Few days ago,Most of the time,Few days ago,7 - 9,OK,Never,Never,I engage relatives and friends,Exercise and diet. ,"High degree of social support (Much support is either given or is available, if needed, from family and friends).",No,Pamphlets and nuggets,,Yes,No,Not required ,No
114737337704.0,I Agree,Female,50+ years,Technical,Very Good,I am OK and coping well,,,,Financial constraints,,,,,,,No,No,Not at all,Not at all,No,No,No,Yes,Few days ago,Few days ago,Always,Few days ago,4 - 6,Very Good,Never,Never,I engage relatives and friends,,Above average degree of social support (Given or potentially available from family and friends).,Yes,Group session,,Yes,No,I have no need at the moment,Yes
114737338296.0,I Agree,Male,25-39 years,Finance,Fair,I’m just there,,,Emotional intelligence,,,,,Unresolved Childhood Difficulties,Anxiety and Depression,,No,No,Not at all,Not so often,Yes,No,Not sure,No,I don't remember,Few days ago,Once in a while,Few days ago,7 - 9,OK,Never,Never,I keep my issues to myself,,"Below average degree of social support (While some support is available, it's not consistently available).",No,One on One session,,No,,,No
114737338046.0,I Agree,Female,40-49 years,Flight Operations,Very Good,I am OK and coping well,,Work/job related stressors,Emotional intelligence,,,,,Unresolved Childhood Difficulties,,,No,No,Not so often,Not so often,No,No,No,Yes,Few days ago,Few years ago,Most of the time,Few months ago,4 - 6,OK,Never,Once in a few weeks,I engage relatives and friends,,Average degree of social support from family and friends is given or potentially available.,No,Online,,Yes,No,Never had a reason to,No
114737338401.0,I Agree,Male,25-39 years,Finance,Good,I am OK and coping well,,Work/job related stressors,Emotional intelligence,Financial constraints,Trauma,Substance and Drug Dependence,Relationship Difficulties,Unresolved Childhood Difficulties,Anxiety and Depression,,No,Yes,Not at all,Not so often,No,No,No,Yes,I don't remember,Few days ago,Most of the time,Few days ago,4 - 6,OK,Never,Once in a few weeks,I keep my issues to myself,,"Below average degree of social support (While some support is available, it's not consistently available).",Yes,Pamphlets and nuggets,,Yes,No,My problems are not major,No
114737333038.0,I Agree,Male,40-49 years,Technical,Very Good,I am OK and coping well, am ok,Work/job related stressors,Emotional intelligence,,,,,,,,No,No,Not so often,Not so often,No,No,No,Yes,Few days ago,Few days ago,Most of the time,Few days ago,4 - 6,Good,Never,Never,I seek for available options online,,"High degree of social support (Much support is either given or is available, if needed, from family and friends).",Yes,One on One session,,Yes,Yes,,Yes
114737336076.0,I Agree,Female,50+ years,Commercial,Very Good,I am OK and coping well,NOTHING SPECIFIC TO MENTION,,Emotional intelligence,,,,,,,,No,No,Not at all,Not at all,No,No,No,Yes,Few days ago,Few days ago,Most of the time,Few days ago,4 - 6,OK,Never,Never,I seek help from my religious leader,,Above average degree of social support (Given or potentially available from family and friends).,No,Group session,,Yes,No,NEVER FELT ANY DESPRATE NEED FOR SAME AS I WAS ABLE TO MANAGE MYSELF THE SITUATIONS THAT HAPPENS ONCE A WHILE,No
114737334059.0,I Agree,Male,40-49 years,Technical,Very Good,I am OK and coping well,,Work/job related stressors,,,,,,,,,No,No,Not at all,Not at all,No,No,No,Yes,Few days ago,Few days ago,Most of the time,Few days ago,7 - 9,Good,Never,Never,I engage relatives and friends,,"High degree of social support (Much support is either given or is available, if needed, from family and friends).",Yes,Pamphlets and nuggets,,Yes,No,There was no reason ,Yes
114737331913.0,I Agree,Male,25-39 years,Ground Operations,Good,I am OK and coping well,,,Emotional intelligence,Financial constraints,,,,,,,No,No,Somewhat often,Somewhat often,No,No,No,Yes,I don't remember,Few weeks ago,Most of the time,Few weeks ago,4 - 6,Very Good,Never,Never,I seek help from my religious leader,,Above average degree of social support (Given or potentially available from family and friends).,No,One on One session,,Yes,No,,No
114737334145.0,I Agree,Female,25-39 years,Technical,Fair,I’m just there,Psychological assessment and therapy ,Work/job related stressors,,Financial constraints,Trauma,Substance and Drug Dependence,Relationship Difficulties,Unresolved Childhood Difficulties,Anxiety and Depression,Gender based violence ,Not Sure,Yes,Not so often,Not at all,No,No,No,No,Few months ago,Few weeks ago,Once in a while,Few weeks ago,4 - 6,Very Bad,Once everyday,Once in a few weeks,I seek for available options online,,"Below average degree of social support (While some support is available, it's not consistently available).",No,Group session,,Yes,Yes,,Yes
114737336563.0,I Agree,Male,40-49 years,Ground Operations,Very Good,I am OK and coping well,,Work/job related stressors,Emotional intelligence,Financial constraints,,Substance and Drug Dependence,,,Anxiety and Depression,,No,No,Not at all,Not at all,No,No,No,Yes,Few days ago,Few days ago,Most of the time,Few days ago,4 - 6,Good,Never,Once in a few weeks,I engage relatives and friends,,Above average degree of social support (Given or potentially available from family and friends).,No,Online,,Yes,No,have never had the need to.,Yes
114737337037.0,I Agree,Male,40-49 years,Ground Operations,Good,I am OK and coping well,Counseling and mental health check,Work/job related stressors,,Financial constraints,,,Relationship Difficulties,,,,Not Sure,No,Not at all,Not at all,No,No,No,Not Sure,Few weeks ago,Few weeks ago,About half the time,Few weeks ago,7 - 9,OK,Never,Once in a few weeks,I keep my issues to myself,,"Below average degree of social support (While some support is available, it's not consistently available).",No,Online,,Yes,No,I feel OK,No
114737331779.0,I Agree,Female,40-49 years,Commercial,Very Good,I am OK and coping well,,Work/job related stressors,Emotional intelligence,Financial constraints,,,Relationship Difficulties,,Anxiety and Depression,,No,Yes,Very often,Not at all,No,No,No,Yes,Few days ago,Few days ago,Always,Few weeks ago,7 - 9,Good,Never,Once in a few weeks,I seek help from my religious leader,i do  exercise ,Above average degree of social support (Given or potentially available from family and friends).,No,Online,,Yes,No,schedule  time,No
114737326961.0,I Agree,Male,25-39 years,Ground Operations,Very Good,I am OK and coping well,NONE,,,Financial constraints,,,Relationship Difficulties,,Anxiety and Depression,,No,No,Not at all,Not at all,No,No,No,No,Few days ago,Few days ago,Always,Few days ago,7 - 9,Very Good,Never,Never,I engage relatives and friends,,"High degree of social support (Much support is either given or is available, if needed, from family and friends).",No,Online,,Yes,No,have not had any issue,Yes
114737333069.0,I Agree,Female,25-39 years,Flight Operations,Excellent,I am OK and coping well,,Work/job related stressors,Emotional intelligence,Financial constraints,,Substance and Drug Dependence,Relationship Difficulties,,Anxiety and Depression,,No,No,Not at all,Not at all,No,No,No,Yes,Few days ago,Few days ago,Always,Few days ago,4 - 6,Very Good,Never,Never,I seek help from my religious leader,,"High degree of social support (Much support is either given or is available, if needed, from family and friends).",Yes,Group session,,Yes,No,Apparently people who want to join voluntarily to be a part of the program or group should have either learnt about it in school or have a history of helping people. Many people are saying that the group isn't secretive...they tend to spread other people's problems so instead of people opening up...they keep it to themselves ,No
114737338175.0,I Agree,Female,25-39 years,Commercial,,,,,,,,,,,,,,,,,,,,,,,,,,,,,,,,,,,,,,
114737329359.0,I Agree,Female,25-39 years,Flight Operations,Excellent,I am OK and coping well,,Work/job related stressors,Emotional intelligence,,,,Relationship Difficulties,Unresolved Childhood Difficulties,Anxiety and Depression,,No,No,Not so often,Not so often,No,Yes,No,Not Sure,Few days ago,Few days ago,Once in a while,Few months ago,7 - 9,OK,Never,Once in a few weeks,I seek help from a processional counselor,,"High degree of social support (Much support is either given or is available, if needed, from family and friends).",No,One on One session,,Yes,Yes,,No
114737333896.0,I Agree,Male,25-39 years,Technical,Excellent,I am OK and coping well,na,,,,,,,,,na,No,No,Not at all,Not at all,No,No,No,Yes,Few days ago,Few days ago,Most of the time,Few days ago,4 - 6,Good,Never,Never,I seek help from my religious leader,,"High degree of social support (Much support is either given or is available, if needed, from family and friends).",Yes,One on One session,,Yes,No,no need yet,No
114737329713.0,I Agree,Female,25-39 years,"Legal, Risk and Compliance",Good,I am OK and coping well,,Work/job related stressors,Emotional intelligence,Financial constraints,,,,,,,No,No,Not so often,Not at all,No,No,No,Yes,Few days ago,Few days ago,Most of the time,Few days ago,4 - 6,Good,Never,Once in a few weeks,I engage relatives and friends,Support from my mum,Above average degree of social support (Given or potentially available from family and friends).,Yes,Online,,Yes,No,"I have not been in a situation where I need the service.  However, I have heard of its good service from other staff. ",No
114737330434.0,I Agree,Female,40-49 years,Commercial,Excellent,I am OK and coping well,,,Emotional intelligence,,,,,,,,No,No,Not so often,Not so often,No,Yes,No,Yes,Few days ago,Few days ago,Always,Few days ago,7 - 9,Very Good,Never,Never,I engage relatives and friends,,"High degree of social support (Much support is either given or is available, if needed, from family and friends).",Yes,Online,,Yes,No,,No
114737332245.0,I Agree,Female,25-39 years,Finance,Fair,I’m just there,am ok,Work/job related stressors,Emotional intelligence,Financial constraints,,,,,Anxiety and Depression,,Yes,Yes,Not so often,Not at all,No,No,No,Yes,Few days ago,Few months ago,Most of the time,Few months ago,7 - 9,Very Good,Never,Never,I keep my issues to myself,,Above average degree of social support (Given or potentially available from family and friends).,Yes,Online,,Yes,No,there was no clear info about it,No
114737327425.0,I Agree,Male,40-49 years,Ground Operations,Good,I am OK and coping well,none,Work/job related stressors,Emotional intelligence,Financial constraints,Trauma,,Relationship Difficulties,,Anxiety and Depression,,Yes,Yes,Not so often,Somewhat often,No,No,No,Yes,Few weeks ago,Few weeks ago,Once in a while,Few days ago,4 - 6,Bad,Never,Once in a few weeks,I keep my issues to myself,,Average degree of social support from family and friends is given or potentially available.,Yes,Group session,,Yes,No,havent been in need as yet,Yes
114737335401.0,I Agree,Female,40-49 years,Flight Operations,,,,,,,,,,,,,,,,,,,,,,,,,,,,,,,,,,,,,,
114737330133.0,I Agree,Female,40-49 years,Technical,Good,I am OK and coping well,,Work/job related stressors,,Financial constraints,,,,,,,No,No,Not so often,Not so often,No,No,Yes,Yes,Few weeks ago,Few days ago,Most of the time,Few days ago,7 - 9,Good,Never,Once in a few weeks,I engage relatives and friends,,Above average degree of social support (Given or potentially available from family and friends).,Yes,Group session,,Yes,No,I have not had a reason to,No
114737329834.0,I Agree,Male,40-49 years,Technical,Poor,I am not OK,I have alot I need to share but I can't trust anyone ,Work/job related stressors,,Financial constraints,,,Relationship Difficulties,,Anxiety and Depression,,Yes,Yes,Somewhat often,Very often,Not Sure,No,Not sure,No,Few months ago,I don't remember,Once in a while,I don't remember,Less than 4,Not Sure,Never,Never,I keep my issues to myself,,No support or potential support is available from either family or friends,No,One on One session,,Yes,No,I don't know if I can trust them,Yes
114737329514.0,I Agree,Female,25-39 years,Finance,Good,I’m just there,none,Work/job related stressors,Emotional intelligence,,,,,,,,Not Sure,Yes,Not at all,Not at all,No,No,No,Yes,Few months ago,Few months ago,Once in a while,Few months ago,4 - 6,Good,Never,Never,I engage relatives and friends,,"High degree of social support (Much support is either given or is available, if needed, from family and friends).",Yes,Online,,Yes,Yes,,No
114737327451.0,I Agree,Male,25-39 years,Ground Operations,Poor,I’m just there,I have had a lot of challenges since this May 2024. I'd really appriciate if I can Find someone to speak to alongside offering guidance. ,Work/job related stressors,,Financial constraints,Trauma,,Relationship Difficulties,Unresolved Childhood Difficulties,Anxiety and Depression,,Yes,Yes,Somewhat often,Somewhat often,No,No,No,Not Sure,I don't remember,I don't remember,Never,Few years ago,4 - 6,Not Sure,Never,Never,I keep my issues to myself,,"Below average degree of social support (While some support is available, it's not consistently available).",No,One on One session,,No,,,No
114737327435.0,I Agree,Male,25-39 years,Ground Operations,Excellent,I am OK and coping well,Dnt need support ,Work/job related stressors,,Financial constraints,,,Relationship Difficulties,,Anxiety and Depression,,Not Sure,No,Not at all,Not at all,No,No,No,Yes,I don't remember,Few weeks ago,Most of the time,Few months ago,4 - 6,Very Good,Never,Once in a few weeks,I keep my issues to myself,,"High degree of social support (Much support is either given or is available, if needed, from family and friends).",No,One on One session,,Yes,No,Never used,Yes
114737330158.0,I Agree,Male,25-39 years,Ground Operations,Fair,I’m just there,,Work/job related stressors,,Financial constraints,,,,,Anxiety and Depression,,Yes,Not Sure,Not so often,Somewhat often,No,No,No,Not Sure,I don't remember,I don't remember,Once in a while,Few years ago,4 - 6,OK,Never,Once in a few weeks,I keep my issues to myself,,"Below average degree of social support (While some support is available, it's not consistently available).",No,Online,,Yes,No,I don't feel comfortable using the service because more often than not it will be used against your employment status in future hence putting my job at risk and the risk of thesame spreading amongst colleagues at work. ,No
114737326687.0,I Agree,Male,40-49 years,Flight Operations,Fair,I am OK and coping well,,Work/job related stressors,,Financial constraints,,Substance and Drug Dependence,Relationship Difficulties,Unresolved Childhood Difficulties,Anxiety and Depression,,Yes,Yes,Not so often,Somewhat often,No,Yes,Yes,No,Few months ago,Few months ago,About half the time,Few days ago,4 - 6,Bad,Never,Once in a few weeks,I seek help from a processional counselor,,Average degree of social support from family and friends is given or potentially available.,Yes,One on One session,,Yes,Yes,,Yes
114737326472.0,I Agree,Female,25-39 years,Ground Operations,Good,I’m just there,,Work/job related stressors,Emotional intelligence,Financial constraints,,,,Unresolved Childhood Difficulties,,,Not Sure,Not Sure,Not at all,Not at all,No,No,Yes,Not Sure,Few days ago,Few days ago,Most of the time,Few days ago,4 - 6,Good,Never,Never,I keep my issues to myself,,"High degree of social support (Much support is either given or is available, if needed, from family and friends).",No,Online,,Yes,,,
114737325927.0,I Agree,Male,50+ years,Ground Operations,Excellent,I am OK and coping well,,Work/job related stressors,,,,,,,,Related to work stressors -Stagnation ,No,Yes,Not so often,Not so often,No,No,No,Yes,Few days ago,Few days ago,Always,Few days ago,4 - 6,Very Good,Never,Once in a few weeks,I engage relatives and friends,I try and engage in activities i have known with time to be non-stressing to me including have personal quiet time,"High degree of social support (Much support is either given or is available, if needed, from family and friends).",No,One on One session,,Yes,No,I have never felt the need,Yes
114737327210.0,I Agree,Male,50+ years,Ground Operations,Good,I am OK and coping well,none,Work/job related stressors,,,,,,,,,No,No,Not at all,Not at all,No,No,No,Yes,Few days ago,Few days ago,Most of the time,Few days ago,4 - 6,Good,More than once everyday,Never,I keep my issues to myself,,"High degree of social support (Much support is either given or is available, if needed, from family and friends).",No,Online,,Yes,No,Never needed it,No
114737329993.0,I Agree,Female,40-49 years,Flight Operations,Very Good,I’m just there,,Work/job related stressors,,Financial constraints,,,,,,,No,No,Not at all,Not at all,No,No,No,Yes,Few days ago,Few days ago,Most of the time,Few days ago,4 - 6,Good,Never,Never,,,,,,,,,,
114737327887.0,I Agree,Male,40-49 years,Managing Director's Office,Very Good,I am OK and coping well,,,,Financial constraints,,,,,,,No,No,Not so often,Not so often,No,No,No,Yes,Few days ago,Few days ago,Most of the time,Few days ago,4 - 6,Good,Never,Never,I keep my issues to myself,,"High degree of social support (Much support is either given or is available, if needed, from family and friends).",No,Online,,Yes,No,I AM NOT INVOLVED IN EXCESSES,No
114737326505.0,I Agree,Male,40-49 years,Technical,Good,I am OK and coping well,Do not need support ,Work/job related stressors,,Financial constraints,,,,,,,No,No,Not at all,Not so often,No,No,No,Yes,Few weeks ago,Few months ago,Most of the time,Few months ago,7 - 9,Good,Never,Never,I engage relatives and friends,,"High degree of social support (Much support is either given or is available, if needed, from family and friends).",Yes,One on One session,,Yes,No,Had no challenge ,No
114737326524.0,I Agree,Male,50+ years,Cargo,Very Good,I am OK and coping well,,Work/job related stressors,,,,,,,,,No,No,Not at all,Not at all,No,No,No,Yes,Few days ago,Few days ago,Most of the time,Few days ago,4 - 6,Bad,Never,Once in a few weeks,I engage relatives and friends,,Average degree of social support from family and friends is given or potentially available.,No,Online,,No,,,Yes
114737326213.0,I Agree,Female,25-39 years,Flight Operations,Good,I am OK and coping well,none,Work/job related stressors,Emotional intelligence,,Trauma,,,,Anxiety and Depression,,No,Yes,Not so often,Not at all,No,No,No,Yes,Few days ago,Few days ago,Most of the time,Few days ago,4 - 6,Good,Never,Never,I keep my issues to myself,,Average degree of social support from family and friends is given or potentially available.,No,Online,,Yes,,,
114737327932.0,I Agree,Male,25-39 years,Technical,Fair,I’m just there,Financial support and work-life balance.,Work/job related stressors,,Financial constraints,,,,,,,Yes,Yes,Not so often,Not so often,No,No,No,Yes,Few months ago,Few days ago,Most of the time,Few days ago,4 - 6,OK,Never,Never,I engage relatives and friends,,Above average degree of social support (Given or potentially available from family and friends).,No,Online,,Yes,No,Time limitations.,Yes
114737327760.0,I Agree,Male,25-39 years,Managing Director's Office,Fair,I am not OK,stress relieve ,Work/job related stressors,Emotional intelligence,Financial constraints,,Substance and Drug Dependence,Relationship Difficulties,,Anxiety and Depression,,Yes,Yes,Somewhat often,Somewhat often,No,No,No,No,I don't remember,I don't remember,Once in a while,Few weeks ago,7 - 9,Bad,Never,Once in a few weeks,I keep my issues to myself,,"Below average degree of social support (While some support is available, it's not consistently available).",No,One on One session,,Yes,No,no time,Yes
114737326957.0,I Agree,Male,40-49 years,Human Resources,Good,I am OK and coping well,,Work/job related stressors,Emotional intelligence,Financial constraints,,Substance and Drug Dependence,Relationship Difficulties,,Anxiety and Depression,,No,No,Not so often,Not so often,No,No,No,Yes,Few days ago,Few days ago,Most of the time,Few days ago,7 - 9,Good,Never,Never,I engage relatives and friends,,Average degree of social support from family and friends is given or potentially available.,No,Online,,Yes,No,Services not required for the time being,No
114737326323.0,I Agree,Female,25-39 years,"Legal, Risk and Compliance",Fair,I’m just there,,Work/job related stressors,Emotional intelligence,,Trauma,,,Unresolved Childhood Difficulties,Anxiety and Depression,,No,Yes,Not so often,Not at all,No,No,No,Yes,Few months ago,Few days ago,Most of the time,Few days ago,4 - 6,Very Good,Never,Once in a few weeks,I engage relatives and friends,,"High degree of social support (Much support is either given or is available, if needed, from family and friends).",Yes,Online,,Yes,No,,No
114737326661.0,I Agree,Female,18-24 years,Technical,Good,I’m just there,,Work/job related stressors,,Financial constraints,,,,Unresolved Childhood Difficulties,Anxiety and Depression,,Not Sure,Yes,Somewhat often,Somewhat often,Not Sure,No,Not sure,Not Sure,Few days ago,Few days ago,Once in a while,Few months ago,4 - 6,Not Sure,Never,Once in a few weeks,I seek for available options online,Talk to chat gpt,No support or potential support is available from either family or friends,No,Online,,No,,,No
114737326097.0,I Agree,Female,25-39 years,Flight Operations,Good,I am OK and coping well,,Work/job related stressors,Emotional intelligence,,Trauma,,,,Anxiety and Depression,,No,Yes,Not so often,Not so often,No,No,No,Yes,Few days ago,Few days ago,Always,Few days ago,7 - 9,OK,Never,Once in a few weeks,I keep my issues to myself,,"Below average degree of social support (While some support is available, it's not consistently available).",No,One on One session,,Yes,No,,Yes
114737326133.0,I Agree,Female,25-39 years,Technical,Good,I’m just there,,Work/job related stressors,Emotional intelligence,Financial constraints,,,,,Anxiety and Depression,,No,Yes,Not at all,Not at all,No,No,No,Yes,Few days ago,Few days ago,Always,Few days ago,4 - 6,OK,Never,Never,,,,,,,,,,
114737326955.0,I Agree,Female,40-49 years,Commercial,,,,,,,,,,,,,,,,,,,,,,,,,,,,,,,,,,,,,,
114737327153.0,I Agree,Female,40-49 years,Information Technology,,,,,,,,,,,,,,,,,,,,,,,,,,,,,,,,,,,,,,
114737326316.0,I Agree,Female,40-49 years,Commercial,,,,,,,,,,,,,,,,,,,,,,,,,,,,,,,,,,,,,,
114737326498.0,I Agree,Male,25-39 years,Finance,,,,,,,,,,,,,,,,,,,,,,,,,,,,,,,,,,,,,,
114737326135.0,I Agree,Male,40-49 years,Commercial,,,,,,,,,,,,,,,,,,,,,,,,,,,,,,,,,,,,,,
